"13.3777785","52.51626910000001","http://berlin.ihollaback.org/2011/04/06/new-submission-from-l/","ID: 1897<BR>Last.Updated: 4/6/2011 11:25:41<BR>Title: New submission from L.<BR>Type: groping<BR>Story: Letztes Jahr ging ich mit meiner Freundi<BR>Location: 52.5162691<BR>Longitude: 13.3777785<BR>Marker: pink_blank<BR>unnamed (1): "
"13.4113999","52.5234051","http://berlin.ihollaback.org/2011/04/06/new-submission-from-ama/","ID: 1903<BR>Last.Updated: 4/6/2011 18:06:38<BR>Title: New submission from Ama<BR>Type: other<BR>Story: Letztens war ich unterwegs, Grünzeug für<BR>Location: 52.5234051<BR>Longitude: 13.4113999<BR>Marker: pink_blank<BR>unnamed (1): "
"13.4212311","52.5484085","http://berlin.ihollaback.org/2011/04/07/new-submission-from-l-2/","ID: 1915<BR>Last.Updated: 4/7/2011 14:31:57<BR>Title: New submission from L.<BR>Type: homophobic<BR>Story: Ich war mit meiner Freundin in einer kle<BR>Location: 52.5484085<BR>Longitude: 13.4212311<BR>Marker: pink_blank<BR>unnamed (1): "
"13.3991554","52.5322217","http://berlin.ihollaback.org/2011/04/07/new-submission-from-diana/","ID: 1911<BR>Last.Updated: 4/7/2011 6:05:13<BR>Title: New submission from diana<BR>Type: assault<BR>Story: ich war vor zwei jahren mit meinen beide<BR>Location: 52.5322217<BR>Longitude: 13.3991554<BR>Marker: pink_blank<BR>unnamed (1): "
"13.4113999","52.5234051","http://berlin.ihollaback.org/2011/04/07/new-submission-from-l-2/","ID: 1913<BR>Last.Updated: 4/7/2011 14:29:46<BR>Title: New submission from L.<BR>Type: groping<BR>Story: Vor einiger Zeit war ich mit meiner Freu<BR>Location: 52.5234051<BR>Longitude: 13.4113999<BR>Marker: pink_blank<BR>unnamed (1): "
"13.39659","52.52974","http://berlin.ihollaback.org/2011/04/27/new-submission-from-toni-und-freund_innen/","ID: 2102<BR>Last.Updated: 4/28/2011 9:43:20<BR>Title: Rassistischer Vorfall im “Schokoladen”<BR>Type: racist<BR>Story: Am Montag, den 25. April 2011 ereignete<BR>Location: 52.52974<BR>Longitude: 13.39659<BR>Marker: pink_blank<BR>unnamed (1): "
"13.395979","52.4983717","http://berlin.ihollaback.org/2011/06/12/neue-geschichte-von-madita/","ID: 2570<BR>Last.Updated: 6/12/2011 13:13:53<BR>Title: Neue Geschichte von Madita<BR>Type: verbal<BR>Story: Ich liebe Kreuzberg! Ich liebe den Landw<BR>Location: 52.4983717<BR>Longitude: 13.395979<BR>Marker: pink_blank<BR>unnamed (1): "
"13.4113999","52.5234051","http://berlin.ihollaback.org/2011/06/22/neue-geschichte-von-nina/","ID: 2694<BR>Last.Updated: 6/22/2011 10:00:38<BR>Title: Neue Geschichte von Nina<BR>Type: groping<BR>Story: Ich war nach einem anstrengendem Tag auf<BR>Location: 52.5234051<BR>Longitude: 13.4113999<BR>Marker: pink_blank<BR>unnamed (1): "
"13.3203583","52.4823588","http://berlin.ihollaback.org/2011/06/28/ey-guck-mal-wie-hasslich-die-ist/","ID: 2769<BR>Last.Updated: 6/28/2011 16:18:59<BR>Title: “Ey guck mal wie hässlich die ist?!”<BR>Type: verbal<BR>Story: Schon ca. 6 Jahre her....<BR>Ich bin in der<BR>Location: 52.4823588<BR>Longitude: 13.3203583<BR>Marker: pink_blank<BR>unnamed (1): "
"13.418662500000002","52.4994253","http://berlin.ihollaback.org/2011/07/01/brust-grabscher-in-der-ubahn/","ID: 2813<BR>Last.Updated: 7/1/2011 8:52:34<BR>Title: Brust-Grabscher in der UBahn<BR>Type: groping<BR>Story: Es ist schon ein paar Monate her, dass m<BR>Location: 52.4994253<BR>Longitude: 13.4186625<BR>Marker: pink_blank<BR>unnamed (1): "
"13.4113999","52.5234051","http://berlin.ihollaback.org/2011/07/01/gegenstrategien-von-laura/","ID: 2818<BR>Last.Updated: 7/1/2011 15:21:03<BR>Title: Gegenstrategien von Laura<BR>Type: verbal und körperlich<BR>Story: Gegenstrategien gegen Belästigung<BR>------<BR>Location: 52.5234051<BR>Longitude: 13.4113999<BR>Marker: pink_blank<BR>unnamed (1): "
"13.4244944","52.4730124","http://berlin.ihollaback.org/2011/07/01/new-submission-from-mandii/","ID: 2821<BR>Last.Updated: 7/2/2011 7:09:28<BR>Title: Trans*phober Übergriff in der U8<BR>Type: assault<BR>Story: ich hätte mittlerweile beinah täglich ei<BR>Location: 52.4730124<BR>Longitude: 13.4244944<BR>Marker: pink_blank<BR>unnamed (1): "
"13.3427399","52.525498","http://berlin.ihollaback.org/2011/07/06/neue-geschichte-von-katharine/","ID: 2861<BR>Last.Updated: 7/7/2011 6:20:37<BR>Title: “Yeah, what the fuck?!” im Tiergarten<BR>Type: groping<BR>Story: I was walking by myself in Tiergarten (t<BR>Location: 52.525498<BR>Longitude: 13.3427399<BR>Marker: pink_blank<BR>unnamed (1): "
"13.3285296","52.464815","http://berlin.ihollaback.org/2011/07/09/neue-geschichte/","ID: 2894<BR>Last.Updated: 7/9/2011 7:37:10<BR>Title: Stalker in Steglitz, Schlossstrasse bis Walther-Schreiber-Platz<BR>Type: stalking<BR>Story: Vor etwa 3 Jahren fuhr ich mit dem Bus v<BR>Location: 52.464815<BR>Longitude: 13.3285296<BR>Marker: pink_blank<BR>unnamed (1): "
"13.4249861","52.4807717","http://berlin.ihollaback.org/2011/07/10/mach-das-ja-nicht-noch-mal/","ID: 2907<BR>Last.Updated: 7/10/2011 5:26:28<BR>Title: “Mach das ja nicht noch mal!”<BR>Type: groping<BR>Story: Ich war auf dem Weg nach Hause; von der<BR>Location: 52.4807717<BR>Longitude: 13.4249861<BR>Marker: pink_blank<BR>unnamed (1): "
"13.442919","52.4694521","http://berlin.ihollaback.org/2011/07/21/am-sbahnhof-neukolln/","ID: 3046<BR>Last.Updated: 7/21/2011 18:29:53<BR>Title: Am SBahnhof Neukölln<BR>Type: verbal<BR>Story: In Neukölln braucht man tatsächlich nur<BR>Location: 52.4694521<BR>Longitude: 13.442919<BR>Marker: pink_blank<BR>unnamed (1): "
"13.4249861","52.4807717","http://berlin.ihollaback.org/2011/08/06/elsas-geschichte/","ID: 3291<BR>Last.Updated: 8/6/2011 10:49:31<BR>Title: Horror, einfach Horror.<BR>Type: other<BR>Story: Meine Erfahrungen von sexistischen Überg<BR>Location: 52.4807717<BR>Longitude: 13.4249861<BR>Marker: pink_blank<BR>unnamed (1): "
"13.3603835","52.4905287","http://berlin.ihollaback.org/2011/08/05/u-kleispark-mann-masturbiert-und-belastigt-frau/","ID: 3224<BR>Last.Updated: 8/5/2011 11:20:33<BR>Title: U Kleistpark Mann masturbiert und belästigt Frau<BR>Type: stalking<BR>Story: In einer Herbstnacht war ich unterwegs v<BR>Location: 52.4905287<BR>Longitude: 13.3603835<BR>Marker: pink_blank<BR>unnamed (1): "
"13.4249861","52.4807717","http://berlin.ihollaback.org/2011/08/06/na-du-hast-du-lust-zu-ficken/","ID: 3298<BR>Last.Updated: 8/6/2011 17:40:04<BR>Title: Na Du, hast Du Lust zu ficken?<BR>Type: verbal<BR>Story: Letzte Nacht bin ich alleine nach Hause<BR>Location: 52.4807717<BR>Longitude: 13.4249861<BR>Marker: pink_blank<BR>unnamed (1): "
"13.4251453","52.4872219","http://berlin.ihollaback.org/2011/08/07/grabscher-am-hermannplatz/","ID: 3329<BR>Last.Updated: 8/7/2011 15:19:46<BR>Title: Grabscher am Hermannplatz<BR>Type: groping<BR>Story: Ich ging am 2.08 um 18:00 Uhr zusammen m<BR>Location: 52.4872219<BR>Longitude: 13.4251453<BR>Marker: pink_blank<BR>unnamed (1): "
"13.4113999","52.5234051","http://nyc.ihollaback.org/2011/08/09/natashas-story-get-your-hands-off-of-me/","ID: 3401<BR>Last.Updated: 8/11/2011 0:01:34<BR>Title: Natasha’s Story: “Get your hands off of me!”<BR>Type: verbal<BR>Story: Like so many others, my story begins in<BR>Location: 52.5234051<BR>Longitude: 13.4113999<BR>Marker: pink_blank<BR>unnamed (1): "
"13.3428366","52.5015632","http://berlin.ihollaback.org/2011/08/17/neue-story-zu-aggressiver-presse-und-zuschauern-auf-dem-slutwalk-berlin/","ID: 3598<BR>Last.Updated: 8/17/2011 11:58:03<BR>Title: Neue Story zu aggressiver Presse und Zuschauern auf dem SlutWalk Berlin<BR>Type: other<BR>Story: Ich war am Samstag auf dem Slutwalk Berl<BR>Location: 52.5015632<BR>Longitude: 13.3428366<BR>Marker: pink_blank<BR>unnamed (1): "
"13.4148965","52.522597700000006","http://berlin.ihollaback.org/2011/08/28/gesprach-zwischen-einem-guten-freund-und-mir-vor-einigen-wochen-zum-thema-warum-ein-slutwalk/","ID: 3713<BR>Last.Updated: 8/28/2011 10:19:17<BR>Title: “gespräch zwischen einem guten freund und mir vor einigen wochen zum thema ‘warum ein slutwalk’”<BR>Type: verbal<BR>Story: gespräch zwischen einem guten freund und<BR>Location: 52.5225977<BR>Longitude: 13.4148965<BR>Marker: pink_blank<BR>unnamed (1): "
"13.4249861","52.4807717","http://berlin.ihollaback.org/2011/09/09/im-internetcafe/","ID: 3838<BR>Last.Updated: 9/9/2011 14:31:04<BR>Title: Im Internetcafé…<BR>Type: other<BR>Story: anfang september: ein junger typ im inte<BR>Location: 52.4807717<BR>Longitude: 13.4249861<BR>Marker: pink_blank<BR>unnamed (1): "
"13.4020077","52.4925484","http://berlin.ihollaback.org/2011/10/02/angriff-auf-dem-weg-zu-ubahn-baerwaldstrasse/","ID: 4061<BR>Last.Updated: 10/3/2011 9:22:38<BR>Title: Angriff auf dem Weg zu UBahn – Baerwaldstrasse<BR>Type: groping<BR>Story: Freitag, halb neun Uhr abends: Ich bin m<BR>Location: 52.4925484<BR>Longitude: 13.4020077<BR>Marker: pink_blank<BR>unnamed (1): "
"13.4406378","52.4760713","http://berlin.ihollaback.org/2011/10/25/prapotenter-prugelknabe/","ID: 4285<BR>Last.Updated: 10/26/2011 14:17:01<BR>Title: Präpotenter Prügelknabe<BR>Type: assault<BR>Story: Ich wollte gerade von der S-Bahn runter<BR>Location: 52.4760713<BR>Longitude: 13.4406378<BR>Marker: pink_blank<BR>unnamed (1): "
"13.4162043","52.4968865","http://berlin.ihollaback.org/2011/10/28/heterosexistische-beschimpfungen-auf-der-admiralsbrucke/","ID: 4308<BR>Last.Updated: 10/28/2011 6:36:07<BR>Title: Heterosexistische Beschimpfungen in der Admiralstrasse!<BR>Type: verbal<BR>Story: Heute morgen schob ich mein Fahrrad die<BR>Location: 52.4968865<BR>Longitude: 13.4162043<BR>Marker: pink_blank<BR>unnamed (1): "
"13.3304851","52.5437973","http://berlin.ihollaback.org/2011/11/16/keine-wier-am-plotzensee/","ID: 4417<BR>Last.Updated: 11/16/2011 16:33:35<BR>Title: Keine Wi***er am Plötzensee!<BR>Type: other<BR>Story: Ich moechte von meinen Erlebnissen am Pl<BR>Location: 52.5437973<BR>Longitude: 13.3304851<BR>Marker: pink_blank<BR>unnamed (1): "
"13.435277800000001","52.4813889","http://berlin.ihollaback.org/2012/01/mit-dem-handy-gefilmt/","ID: 4786<BR>Last.Updated: 1/6/2012 14:02:36<BR>Title: Mit dem Handy gefilmt!<BR>Type: stalking<BR>Story: Ich lief die Strasse runter und da kam m<BR>Location: 52.4813889<BR>Longitude: 13.4352778<BR>Marker: pink_blank<BR>unnamed (1): "
"13.3377925","52.4733987","http://berlin.ihollaback.org/2012/01/lachel-doch-mal-auch-schonmal-gehort/","ID: 4858<BR>Last.Updated: 1/16/2012 16:04:59<BR>Title: “Lächel doch mal” – auch schon mal gehört?!<BR>Type: verbal<BR>Story: Es gibt eine Sache die mich rasend macht<BR>Location: 52.4733987<BR>Longitude: 13.3377925<BR>Marker: pink_blank<BR>unnamed (1): "
"13.3324966","52.4563661","http://berlin.ihollaback.org/2012/02/der-unterschied-zwischen-helfen-und-entmundigen/","ID: 5408<BR>Last.Updated: 3/2/2012 5:32:33<BR>Title: Der Unterschied zwischen “helfen” und “entmündigen”<BR>Type: other<BR>Story: Dies ist kein Erlebnis mit schlimmen Fol<BR>Location: 52.4563661<BR>Longitude: 13.3324966<BR>Marker: pink_blank<BR>unnamed (1): "
"13.3388475","52.4719375","http://berlin.ihollaback.org/2012/03/der-neue-ive-got-your-back-button-zeig-deinen-support-fur-betroffene/","ID: 5712<BR>Last.Updated: 3/22/2012 14:59:55<BR>Title: Der neue “I’ve got your back”-Button! Zeig Deinen Support für Betroffene<BR>Type: other<BR>Story: Unter jeder Geschichte die eingesendet w<BR>Location: 52.4719375<BR>Longitude: 13.3388475<BR>Marker: pink_blank<BR>unnamed (1): "
"13.3965741","52.4912807","http://berlin.ihollaback.org/2012/04/kreuzberg-gneisenaustrasse/","ID: 6057<BR>Last.Updated: 4/25/2012 13:16:58<BR>Title: Kreuzberg – Gneisenaustrasse<BR>Type: verbal<BR>Story: Ich liebe Kreuzberg, aber langsam macht<BR>Location: 52.4912807<BR>Longitude: 13.3965741<BR>Marker: pink_blank<BR>unnamed (1): "
"13.387314","52.520394","http://berlin.ihollaback.org/2012/06/warum-belastigung-einen-aus-der-bahn-wirft/","ID: 6710<BR>Last.Updated: 6/12/2012 12:38:28<BR>Title: Warum Belästigung einen aus der Bahn wirft<BR>Type: verbal<BR>Story: Ich gehe zur S Bahn Station Friedrichstr<BR>Location: 52.520394<BR>Longitude: 13.387314<BR>Marker: pink_blank<BR>unnamed (1): "
"13.351022000000002","52.576025","http://berlin.ihollaback.org/2012/06/viele-geschichten-gesammelt-seit-dem-13-lebensjahr/","ID: 6721<BR>Last.Updated: 6/14/2012 16:10:53<BR>Title: Viele Geschichten gesammelt seit dem 13. Lebensjahr…<BR>Type: groping,verbal<BR>Story: Nachdem ich mich durch viele Geschichten<BR>Location: 52.576025<BR>Longitude: 13.351022<BR>Marker: pink_blank<BR>unnamed (1): "
"13.4060912","52.519171","http://berlin.ihollaback.org/2012/06/angestarrt-werden-ist-belastigung/","ID: 6725<BR>Last.Updated: 6/18/2012 17:04:08<BR>Title: Angestarrt werden ist Belästigung!<BR>Type: other<BR>Story: Erstmal mein Empfinden nach dem Lesen vi<BR>Location: 52.519171<BR>Longitude: 13.4060912<BR>Marker: pink_blank<BR>unnamed (1): "
"13.3746958","52.5090646","http://berlin.ihollaback.org/2012/07/potsdamer-platz-mann-masturbiert-und-belastigt-wie-kann-reagiert-werden/","ID: 6923<BR>Last.Updated: 7/11/2012 15:42:16<BR>Title: Potsdamer Platz – Mann masturbiert und belästigt. Wie kann reagiert werden?<BR>Type: other<BR>Story: Gestern am Potsdamer Platz zwischen der<BR>Location: 52.5090646<BR>Longitude: 13.3746958<BR>Marker: pink_blank<BR>unnamed (1): "
"13.4171965","52.4832702","http://berlin.ihollaback.org/2012/06/ein-exhibitionist-in-der-hasenheide/","ID: 6841<BR>Last.Updated: 7/3/2012 18:01:40<BR>Title: Ein Exhibitionist in der Hasenheide<BR>Type: other<BR>Story: Es ist Juni 2012, gegen 14.30 Uhr. Ich f<BR>Location: 52.4832702<BR>Longitude: 13.4171965<BR>Marker: pink_blank<BR>unnamed (1): "
"13.38784","52.49235","http://berlin.ihollaback.org/2012/07/kreuzberg-gneisenaustrasse-2/","ID: 6887<BR>Last.Updated: 7/8/2012 11:25:45<BR>Title: Kreuzberg – Gneisenaustrasse<BR>Type: verbal<BR>Story: Vor etwa 15 Minuten war Anpfiff. Spanien<BR>Location: 52.49235<BR>Longitude: 13.38784<BR>Marker: pink_blank<BR>unnamed (1): "
"13.4171965","52.4832702","http://berlin.ihollaback.org/2012/07/und-wieder-wi-in-der-hasenheide/","ID: 6982<BR>Last.Updated: 7/17/2012 16:03:07<BR>Title: und wieder Wi*** in der Hasenheide<BR>Type: other<BR>Story: Ich wollte mich in der Hasenheide ein bi<BR>Location: 52.4832702<BR>Longitude: 13.4171965<BR>Marker: pink_blank<BR>unnamed (1): "
"13.418662500000002","52.4994253","http://berlin.ihollaback.org/2012/07/grabschen-sie-hat-zuruck-gebrullt/","ID: 6983<BR>Last.Updated: 7/17/2012 16:06:24<BR>Title: Grabschen? Sie hat zurück gebrüllt!<BR>Type: groping<BR>Story: Bei der langen Buchnacht in Kreuzberg wa<BR>Location: 52.4994253<BR>Longitude: 13.4186625<BR>Marker: pink_blank<BR>unnamed (1): "
"13.4060912","52.519171","http://berlin.ihollaback.org/2012/07/ubergriffe-sexismus-und-gewalt-auf-der-slutwalk-soliparty/","ID: 6997<BR>Last.Updated: 7/22/2012 8:35:54<BR>Title: Übergriffe, Sexismus und Gewalt auf der Slutwalk Soliparty!<BR>Type: groping,verbal<BR>Story: Am Samstag war die Solidaritäts-Party de<BR>Location: 52.519171<BR>Longitude: 13.4060912<BR>Marker: grn_blank<BR>unnamed (1): "
"13.2928398","52.4975299","http://berlin.ihollaback.org/2012/07/belastigung-am-halensee/","ID: 7062<BR>Last.Updated: 7/29/2012 8:08:25<BR>Title: Belästigung am Halensee<BR>Type: verbal,other<BR>Story: 27. Juli 2012, 18 Uhr, ein heißer Sommer<BR>Location: 52.4975299<BR>Longitude: 13.2928398<BR>Marker: pink_blank<BR>unnamed (1): "
"13.460123400000002","52.5122734","http://berlin.ihollaback.org/2012/08/ich-hatte-gern-anders-und-besser-reagiert-war-aber-so-geschockt-von-der-explosiven-situation-dass-ich-nur-rumbrullen-konnte-aber-das-ist-ja-schonmal-was/","ID: 7241<BR>Last.Updated: 8/8/2012 16:08:41<BR>Title: “Ich hätte gern anders und besser reagiert, war aber so geschockt von der explosiven Situation, dass ich nur rumbrüllen konnte, aber das ist ja schonmal was.”<BR>Type: homophobic,verbal<BR>Story: Gestern, am 7. August, saß ich mit einer<BR>Location: 52.5122734<BR>Longitude: 13.4601234<BR>Marker: pink_blank<BR>unnamed (1): "
"13.4060912","52.519171","http://berlin.ihollaback.org/2012/08/aber-einen-tag-spater-wunsche-ich-mir-die-menschen-hatten-verstanden-wie-sie-objektiviziert-wird-und-dass-auch-positive-kommentare-zu-ihrem-korper-sexistisch-sind/","ID: 7279<BR>Last.Updated: 8/13/2012 14:02:24<BR>Title: “Aber einen Tag später wünsche ich mir, die Menschen hätten verstanden, wie sie objektiviziert wird und dass auch “positive” Kommentare zu ihrem Körper sexistisch sind.”<BR>Type: other<BR>Story: Gestern Abend in der WG: Es waren Gäste<BR>Location: 52.519171<BR>Longitude: 13.4060912<BR>Marker: grn_blank<BR>unnamed (1): "
"13.4313201","52.4669833","http://berlin.ihollaback.org/2012/09/du-gehst-mit-um-die-ecke-und-musst-lutschen/","ID: 7549<BR>Last.Updated: 9/10/2012 12:07:59<BR>Title: “du gehst mit um die Ecke und musst lutschen”.<BR>Type: verbal<BR>Story: Es ist in der Nacht von Samstag auf Sonn<BR>Location: 52.4669833<BR>Longitude: 13.4313201<BR>Marker: pink_blank<BR>unnamed (1): "
"13.4060912","52.519171","http://ldn.ihollaback.org/2012/09/14/reading-the-london-posts-i-get-the-impression-that-the-balance-of-power-on-the-streets-is-much-more-on-the-mens-side/","ID: 7651<BR>Last.Updated: 9/22/2012 9:40:23<BR>Title: ”Reading the London posts I get the impression, that the balance of power on the streets is much more on the men’s side”<BR>Type: other<BR>Story: New submission from Kathrin<BR>I have read<BR>Location: 52.519171<BR>Longitude: 13.4060912<BR>Marker: pink_blank<BR>unnamed (1): "
"13.4072","52.48960000000001","http://berlin.ihollaback.org/2012/10/berlin/","ID: 8122<BR>Last.Updated: 10/14/2012 6:46:53<BR>Title: verbale Kackscheiße in Berlin<BR>Type: verbal<BR>Story: Mir ist gestern etwas passiert wovon ich<BR>Location: 52.4896<BR>Longitude: 13.4072<BR>Marker: pink_blank<BR>unnamed (1): "
"13.4493644","52.5063291","http://berlin.ihollaback.org/2012/10/new-submission-from-admin/","ID: 8189<BR>Last.Updated: 10/21/2012 15:25:02<BR>Title: Warschauer Brücke<BR>Type: groping,verbal<BR>Story: Vor einigen Wochen war ich morgens um vi<BR>Location: 52.5063291<BR>Longitude: 13.4493644<BR>Marker: pink_blank<BR>unnamed (1): "
"13.369545","52.525592","http://berlin.ihollaback.org/2012/11/s-bahn-hauptbahnof/","ID: 8319<BR>Last.Updated: 11/12/2012 14:30:43<BR>Title: S Bahn Hauptbahnof<BR>Type: verbal<BR>Story: Als ich heute Abend am Hauptbahnhof in d<BR>Location: 52.525592<BR>Longitude: 13.369545<BR>Marker: grn_blank<BR>unnamed (1): "
"13.4422445","52.4685864","http://berlin.ihollaback.org/2012/11/grabschen-und-transphobe-beleidungen/","ID: 8374<BR>Last.Updated: 11/12/2012 14:33:57<BR>Title: Grabschen und transphobe Beleidungen<BR>Type: groping,transphobic,verbal<BR>Story: Ich wurde gestern abend so um 0:20 ca. v<BR>Location: 52.4685864<BR>Longitude: 13.4422445<BR>Marker: pink_blank<BR>unnamed (1): "
"13.3712889","52.5520122","http://berlin.ihollaback.org/2012/11/transphobie-im-wedding/","ID: 8463<BR>Last.Updated: 11/19/2012 14:23:49<BR>Title: Trans*phobie im Wedding<BR>Type: transphobic<BR>Story: Am 4. November ging ich durch die Gottsc<BR>Location: 52.5520122<BR>Longitude: 13.3712889<BR>Marker: pink_blank<BR>unnamed (1): "
"13.4229062","52.478849","http://berlin.ihollaback.org/2012/12/transphob-beleidigt/","ID: 8936<BR>Last.Updated: 12/29/2012 16:57:29<BR>Title: Trans*phob beleidigt<BR>Type: transphobic,verbal<BR>Story: Am 24.12.2012 wurde ich in der Selchower<BR>Location: 52.478849<BR>Longitude: 13.4229062<BR>Marker: pink_blank<BR>unnamed (1): "
"13.4244132","52.4865566","http://berlin.ihollaback.org/2012/12/bystander-erfolg-am-herrmannplatz/","ID: 8950<BR>Last.Updated: 12/29/2012 16:58:53<BR>Title: Bystander Erfolg am Herrmannplatz<BR>Type: verbal<BR>Story: Ich saß gerade am U-Bahnhof Hermannplatz<BR>Location: 52.4865566<BR>Longitude: 13.4244132<BR>Marker: grn_blank<BR>unnamed (1): "
"13.5170006","52.3923169","http://berlin.ihollaback.org/2012/12/belastigung-in-schonefeld/","ID: 8951<BR>Last.Updated: 12/29/2012 17:00:18<BR>Title: Belästigung in Schönefeld<BR>Type: verbal<BR>Story: Ich wollte eine Freundin besuchen und fu<BR>Location: 52.3923169<BR>Longitude: 13.5170006<BR>Marker: pink_blank<BR>unnamed (1): "
"13.431313","52.467510000000004","http://berlin.ihollaback.org/2012/12/bystander-intervention-in-der-u8/","ID: 8961<BR>Last.Updated: 12/30/2012 17:36:33<BR>Title: Bystander Intervention in der U8<BR>Type: verbal<BR>Story: am 27. saß ich abends in der u8 an der h<BR>Location: 52.46751<BR>Longitude: 13.431313<BR>Marker: pink_blank<BR>unnamed (1): "
"13.413168","52.5218316","http://berlin.ihollaback.org/2013/01/grabscher-in-der-u8-alex/","ID: 9124<BR>Last.Updated: 1/30/2013 14:59:19<BR>Title: Grabscher in der U8 Alex<BR>Type: groping<BR>Story: Vor einigen Monaten stieg ich an einem F<BR>Location: 52.5218316<BR>Longitude: 13.413168<BR>Marker: pink_blank<BR>unnamed (1): "
"13.4242","52.5392","http://berlin.ihollaback.org/2013/01/zum-1-mal-bin-ich-nicht-wortlos-auf-den-boden-guckend-weitergelaufen-sondern-ich-habe-mich-gewehrt/","ID: 9206<BR>Last.Updated: 1/30/2013 15:04:24<BR>Title: “zum 1. Mal bin ich nicht wortlos, auf den Boden guckend weitergelaufen, sondern ich habe mich gewehrt!”<BR>Type: verbal<BR>Story: Neulich stand auf der Strasse ein Mann,<BR>Location: 52.5392<BR>Longitude: 13.4242<BR>Marker: pink_blank<BR>unnamed (1): "
"13.4060912","52.519171","http://france.ihollaback.org/2013/02/04/celia-ils-sont-plus-facilement-desarconnes-quon-ne-le-pense/","ID: 9256<BR>Last.Updated: 2/5/2013 13:38:09<BR>Title: Celia : “Ces hommes sont si persuadés d’être en position de force que lorsqu’ils rencontrent une résistance, ils sont plus facilement désarçonnés qu’on ne le pense”<BR>Type: stalking<BR>Story: Des histoires de merde il m&apos;en est<BR>Location: 52.519171<BR>Longitude: 13.4060912<BR>Marker: pink_blank<BR>unnamed (1): "
"13.3689668","52.5486851","http://berlin.ihollaback.org/2013/02/reinickendorferstrasse-berlin/","ID: 9270<BR>Last.Updated: 2/8/2013 17:17:25<BR>Title: Reinickendorferstrasse, Berlin<BR>Type: verbal<BR>Story: Gestern war wieder einer dieser Tage. Ic<BR>Location: 52.5486851<BR>Longitude: 13.3689668<BR>Marker: pink_blank<BR>unnamed (1): "
"13.4060912","52.519171","http://berlin.ihollaback.org/2013/02/ich-habe-mein-recht-auf-meinen-korper-verteidigt-wenn-auch-nicht-auf-die-diplomatischste-weise/","ID: 9300<BR>Last.Updated: 2/11/2013 8:04:27<BR>Title: “Ich habe mein Recht auf meinen Körper verteidigt, wenn auch nicht auf die diplomatischste Weise.”<BR>Type: groping<BR>Story: Ich komme gerade von der Semesterabschlu<BR>Location: 52.519171<BR>Longitude: 13.4060912<BR>Marker: pink_blank<BR>unnamed (1): "
"13.4242","52.5392","http://berlin.ihollaback.org/2013/02/ode-to-anne/","ID: 9338<BR>Last.Updated: 2/15/2013 4:59:15<BR>Title: Ode to Anne<BR>Type: verbal,other<BR>Story: Ich war Ende zwanzig, da ging ich in ein<BR>Location: 52.5392<BR>Longitude: 13.4242<BR>Marker: pink_blank<BR>unnamed (1): "
"13.372128","52.49117","http://berlin.ihollaback.org/2013/03/ich-will-ihm-diesen-raum-nicht-uberlassen/","ID: 9524<BR>Last.Updated: 3/13/2013 17:23:05<BR>Title: “ich WILL ihm diesen Raum nicht überlassen”<BR>Type: other<BR>Story: U-Bahnhof Yorckstraße, nach 22 Uhr, die<BR>Location: 52.49117<BR>Longitude: 13.372128<BR>Marker: pink_blank<BR>unnamed (1): "
"13.4542","52.5158","http://berlin.ihollaback.org/2013/03/ganz-alte-story-but-never-told/","ID: 9532<BR>Last.Updated: 3/17/2013 13:06:00<BR>Title: “Ganz alte Story but never told…”<BR>Type: groping,verbal<BR>Story: Ganz alte Story but never told: ich, 15<BR>Location: 52.5158<BR>Longitude: 13.4542<BR>Marker: pink_blank<BR>unnamed (1): "
"13.28068","52.50555","http://berlin.ihollaback.org/2013/04/new-submission-from-xxx/","ID: 9865<BR>Last.Updated: 4/11/2013 12:37:30<BR>Title: Messe Sexismus<BR>Type: groping,verbal<BR>Story: Gewidmet den arbeitenden Frauen, die sic<BR>Location: 52.50555<BR>Longitude: 13.28068<BR>Marker: pink_blank<BR>unnamed (1): "
"13.4251027","52.4869349","http://berlin.ihollaback.org/2013/04/i-holla-back-ich-nehme-mir-das-letzte-wort/","ID: 10029<BR>Last.Updated: 4/17/2013 15:58:47<BR>Title: I holla back! Ich nehme mir das letzte Wort<BR>Type: verbal<BR>Story: Ich gehe über die Ampel. Mir kommen drei<BR>Location: 52.4869349<BR>Longitude: 13.4251027<BR>Marker: pink_blank<BR>unnamed (1): "
"13.4445071","52.4407709","http://berlin.ihollaback.org/2013/06/m-s-geschichten/","ID: 10399<BR>Last.Updated: 6/9/2013 11:43:59<BR>Title: M.’s Geschichten<BR>Type: groping,stalking<BR>Story: Ich bin mal zur S-Bahn gehetzt, kurz bev<BR>Location: 52.4407709<BR>Longitude: 13.4445071<BR>Marker: pink_blank<BR>unnamed (1): "
"13.386970900000001","52.4842043","http://berlin.ihollaback.org/2013/06/harassment-summer-berlin/","ID: 10618<BR>Last.Updated: 6/25/2013 12:00:30<BR>Title: harassment – summer – berlin<BR>Type: assault,groping,verbal<BR>Story: What the FUCK is wrong with this city. J<BR>Location: 52.4842043<BR>Longitude: 13.3869709<BR>Marker: pink_blank<BR>unnamed (1): "
"13.319164","52.431696","http://berlin.ihollaback.org/2013/06/das-ist-das-erste-mal-dass-mir-so-was-passiert-dabei-noch-auf-offener-strase-tagsuber-in-lichterfelde-west/","ID: 10719<BR>Last.Updated: 6/30/2013 16:15:52<BR>Title: Das ist das erste Mal, dass mir so was passiert, dabei noch auf offener Straße, tagsüber in Lichterfelde West.<BR>Type: groping<BR>Story: Ich kam eben aus der Uni (ca. 10 Uhr mor<BR>Location: 52.431696<BR>Longitude: 13.319164<BR>Marker: pink_blank<BR>unnamed (1): "
"13.1833333","52.5666667","http://berlin.ihollaback.org/2013/07/rehberge-wedding/","ID: 10900<BR>Last.Updated: 7/13/2013 8:50:15<BR>Title: Rehberge – Wedding<BR>Type: other<BR>Story: Am Montag, so etwa um 4 Uhr Nachmittags,<BR>Location: 52.5666667<BR>Longitude: 13.1833333<BR>Marker: pink_blank<BR>unnamed (1): "
"13.332285100000002","52.4800728","http://berlin.ihollaback.org/2013/08/new-submission-from-jb/","ID: 11228<BR>Last.Updated: 8/7/2013 16:27:04<BR>Title: “Ich will gar nichts, außer meine Freiheit” – Park – Sonne – Belästigung<BR>Type: verbal<BR>Story: Ist schon etwas her, aber weil es einer<BR>Location: 52.4800728<BR>Longitude: 13.3322851<BR>Marker: pink_blank<BR>unnamed (1): "
"13.379277","52.544795","http://berlin.ihollaback.org/2013/08/berlin-s1/","ID: 11445<BR>Last.Updated: 8/25/2013 13:38:02<BR>Title: Berlin – S1<BR>Type: verbal<BR>Story: Ich saß abends gegen 21:00 in der S1 und<BR>Location: 52.544795<BR>Longitude: 13.379277<BR>Marker: pink_blank<BR>unnamed (1): "
"13.4225902","52.4921011","http://berlin.ihollaback.org/2013/09/und-ich-will-dass-sich-was-aendert/","ID: 11733<BR>Last.Updated: 9/18/2013 13:41:02<BR>Title: Und ich will, dass sich was ändert!<BR>Type: verbal,other<BR>Story: Ich bin vorgestern Abend mal ausnahmswei<BR>Location: 52.4921011<BR>Longitude: 13.4225902<BR>Marker: pink_blank<BR>unnamed (1): "
"13.419347","52.51427","http://berlin.ihollaback.org/2013/10/laecheln-am-ubahnhof-jannowitzbruecke/","ID: 11867<BR>Last.Updated: 10/3/2013 12:04:52<BR>Title: “Lächeln” am Ubahnhof Jannowitzbrücke<BR>Type: verbal<BR>Story: Gestern im vorbeigehen am UBahnhof Janno<BR>Location: 52.51427<BR>Longitude: 13.419347<BR>Marker: pink_blank<BR>unnamed (1): "
"13.4204973","52.4992667","http://berlin.ihollaback.org/2013/10/so-sieht-rape-culture-aus/","ID: 11873<BR>Last.Updated: 10/4/2013 12:45:52<BR>Title: So sieht Rape Culture aus<BR>Type: verbal<BR>Story: Ich stand vor dem Kaisers am Kotti ca 21<BR>Location: 52.4992667<BR>Longitude: 13.4204973<BR>Marker: pink_blank<BR>unnamed (1): "
"13.4242","52.5392","http://berlin.ihollaback.org/2013/10/belaestigung-im-restaurant-ich-weiss-nur-das-ich-beim-naechsten-mal-handeln-wuerde/","ID: 11901<BR>Last.Updated: 10/7/2013 16:33:50<BR>Title: Belästigung im Restaurant “Ich weiß nur das ich beim nächsten mal handeln würde”<BR>Type: groping<BR>Story: Es ist jetzt bestimmt schon fast zwei Ja<BR>Location: 52.5392<BR>Longitude: 13.4242<BR>Marker: pink_blank<BR>unnamed (1): "
"13.404954","52.5200066","http://berlin.ihollaback.org/das-ohnmachtsgefuehl-diese-koerperliche-hilflosigkeit-war-das-schlimmste/","ID: 12130<BR>Last.Updated: 11/10/2013 13:19:19<BR>Title: “Das Ohnmachtsgefühl, diese körperliche Hilflosigkeit war das Schlimmste.”<BR>Type: assault<BR>Story: ...ich hatte einen Freund, den kannte ic<BR>Location: 52.5200066<BR>Longitude: 13.404954<BR>Marker: pink_blank<BR>unnamed (1): "
"13.39349","52.5071","http://berlin.ihollaback.org/rudi-dutschke-strasse-in-berlin-kreuzberg/","ID: 12338<BR>Last.Updated: 12/8/2013 11:11:50<BR>Title: Rudi-Dutschke-Straße in Berlin, Kreuzberg<BR>Type: stalking,verbal<BR>Story: Morgens gegen 11:00 auf dem Weg in eine<BR>Location: 52.5071<BR>Longitude: 13.39349<BR>Marker: pink_blank<BR>unnamed (1): "
"13.383566","52.5356753","http://berlin.ihollaback.org/neue-geschichte-wieso-muessen-komplimente-mit-belaestigendem-und-ignoranten-verhalten-gekoppelt-werden/","ID: 12606<BR>Last.Updated: 12/28/2013 15:12:59<BR>Title: Neue Geschichte “Wieso müssen Komplimente mit belästigendem und ignoranten Verhalten gekoppelt werden?”<BR>Type: verbal,other<BR>Story: Ich gehe die Sonne genießen alleine im P<BR>Location: 52.5356753<BR>Longitude: 13.383566<BR>Marker: pink_blank<BR>unnamed (1): "
"13.4504005","52.5081253","http://france.ihollaback.org/2014/01/04/fred-se-battre-en-ayant-conscience-de-sa-force-et-de-ses-propres-moyens/","ID: 12700<BR>Last.Updated: 1/5/2014 6:10:42<BR>Title: Fred : “Se battre en ayant conscience de sa force et de ses propres moyens”<BR>Type: assault,groping,verbal<BR>Story: J&apos;habite à Berlin depuis 4 mois, et<BR>Location: 52.5081253<BR>Longitude: 13.4504005<BR>Marker: pink_blank<BR>unnamed (1): "
"13.4445071","52.4407709","http://berlin.ihollaback.org/su-neukoelln/","ID: 12931<BR>Last.Updated: 1/20/2014 12:01:35<BR>Title: S+U Neukölln<BR>Type: homophobic,transphobic,verbal<BR>Story: Ich (genderqueere Trans*weiblichkeit) gi<BR>Location: 52.4407709<BR>Longitude: 13.4445071<BR>Marker: pink_blank<BR>unnamed (1): "
"13.4359476","52.501064500000005","http://berlin.ihollaback.org/wrangelstrasse-kreuzberg/","ID: 12950<BR>Last.Updated: 1/26/2014 12:37:55<BR>Title: Wrangelstrasse, Kreuzberg<BR>Type: groping<BR>Story: Als ich abends die Wrangelstrasse entlan<BR>Location: 52.5010645<BR>Longitude: 13.4359476<BR>Marker: pink_blank<BR>unnamed (1): "
"13.4445071","52.4407709","http://berlin.ihollaback.org/sbahn/","ID: 12964<BR>Last.Updated: 1/26/2014 12:39:53<BR>Title: SBahn<BR>Type: verbal<BR>Story: Sitze in der S-Bahn und gebe einem Mensc<BR>Location: 52.4407709<BR>Longitude: 13.4445071<BR>Marker: pink_blank<BR>unnamed (1): "
"13.372128","52.49117","http://berlin.ihollaback.org/yorckstrasse/","ID: 13094<BR>Last.Updated: 2/8/2014 15:48:53<BR>Title: Yorckstraße<BR>Type: homophobic,transphobic,verbal<BR>Story: Am U-Bahnhof Yorckstraße wurde ich (gend<BR>Location: 52.49117<BR>Longitude: 13.372128<BR>Marker: pink_blank<BR>unnamed (1): "
"13.4536965","52.47491660000001","http://berlin.ihollaback.org/im-m41/","ID: 13095<BR>Last.Updated: 2/9/2014 12:28:28<BR>Title: Im M41<BR>Type: homophobic,transphobic,verbal<BR>Story: Ich (genderqueere Trans*weiblichkeit) wu<BR>Location: 52.4749166<BR>Longitude: 13.4536965<BR>Marker: pink_blank<BR>unnamed (1): "
"13.4248639","52.4868616","http://berlin.ihollaback.org/homofeindlichkeit-am-hermannplatz/","ID: 13212<BR>Last.Updated: 2/25/2014 6:10:44<BR>Title: Homo*feindlichkeit am Hermannplatz<BR>Type: homophobic,transphobic,verbal<BR>Story: Als ich (genderqueere Trans*weiblichkeit<BR>Location: 52.4868616<BR>Longitude: 13.4248639<BR>Marker: pink_blank<BR>unnamed (1): "
"13.432996","52.4821579","http://berlin.ihollaback.org/beim-einkaufen/","ID: 13241<BR>Last.Updated: 3/1/2014 13:10:23<BR>Title: Beim Einkaufen<BR>Type: homophobic,transphobic,verbal<BR>Story: Als ich (genderqueere Trans*weiblichkeit<BR>Location: 52.4821579<BR>Longitude: 13.432996<BR>Marker: pink_blank<BR>unnamed (1): "
"13.404954","52.5200066","http://berlin.ihollaback.org/drei-geschichten-auf-einmal/","ID: 13330<BR>Last.Updated: 4/5/2014 12:33:52<BR>Title: Drei Geschichten auf einmal<BR>Type: verbal<BR>Story: Drei Geschichten auf einmal quasi:<BR>-ich<BR>Location: 52.5200066<BR>Longitude: 13.404954<BR>Marker: pink_blank<BR>unnamed (1): "
"13.419814","52.4988159","http://berlin.ihollaback.org/u-bhf-kottbusser-tor/","ID: 13331<BR>Last.Updated: 4/6/2014 13:17:43<BR>Title: U-Bhf Kottbusser Tor<BR>Type: homophobic,transphobic,verbal<BR>Story: Am U-Bahnhof Kottbusser Tor wollte ich (<BR>Location: 52.4988159<BR>Longitude: 13.419814<BR>Marker: pink_blank<BR>unnamed (1): "
"13.404954","52.5200066","http://berlin.ihollaback.org/in-der-strassenbahn/","ID: 13754<BR>Last.Updated: 4/14/2014 4:37:44<BR>Title: In der Straßenbahn<BR>Type: verbal<BR>Story: Ich wollte mit der Straßenbahn von der U<BR>Location: 52.5200066<BR>Longitude: 13.404954<BR>Marker: pink_blank<BR>unnamed (1): "
"13.30218","52.49416","http://berlin.ihollaback.org/jungs-was-ihr-da-macht-ist-nicht-in-ordnung-lasst-es/","ID: 13822<BR>Last.Updated: 4/18/2014 9:11:45<BR>Title: “Jungs, was ihr da macht ist nicht in Ordnung. Lasst es.”<BR>Type: verbal<BR>Story: Ich war auf dem Heimweg vom S-Bahnhof Ha<BR>Location: 52.49416<BR>Longitude: 13.30218<BR>Marker: pink_blank<BR>unnamed (1): "
"13.25299","52.52046","http://www.ihollaback.org/blog/2014/06/03/saras-story-harassed-while-babysitting/","ID: 14378<BR>Last.Updated: 6/5/2014 11:58:57<BR>Title: Sara’s Story: Harassed While Babysitting<BR>Type: verbal<BR>Story: I was babysitting a 1.5 year old and wal<BR>Location: 52.52046<BR>Longitude: 13.25299<BR>Marker: pink_blank<BR>unnamed (1): "
"13.404954","52.5200066","http://france.ihollaback.org/2014/06/06/morgane-dans-cette-histoire-on-a-perdu-beaucoup-de-notre-confiance/","ID: 14453<BR>Last.Updated: 6/9/2014 13:01:37<BR>Title: Morgane : “Dans cette histoire, on a perdu beaucoup de notre confiance”<BR>Type: stalking<BR>Story: Alors que le soleil revenait doucement s<BR>Location: 52.5200066<BR>Longitude: 13.404954<BR>Marker: grn_blank<BR>unnamed (1): "
"13.404954","52.5200066","http://berlin.ihollaback.org/fass-mich-nicht-an/","ID: 14483<BR>Last.Updated: 6/11/2014 13:02:51<BR>Title: “Fass mich nicht an”<BR>Type: groping<BR>Story: Beim Tanzen in der Menge hat mich ein Ty<BR>Location: 52.5200066<BR>Longitude: 13.404954<BR>Marker: pink_blank<BR>unnamed (1): "
"13.2884374","52.5588327","http://berlin.ihollaback.org/new-story-people-in-positions-of-power-should-not-use-their-authority-to-sexually-harass-others/","ID: 14667<BR>Last.Updated: 6/21/2014 7:42:05<BR>Title: New Story “People in positions of power should not use their authority to sexually harass others”<BR>Type: verbal<BR>Story: Going through security at Tegel airport,<BR>Location: 52.5588327<BR>Longitude: 13.2884374<BR>Marker: pink_blank<BR>unnamed (1): "
"13.7108965","52.3872923","http://berlin.ihollaback.org/ich-bin-12-jahre-alt-und-mir-sind-in-den-letzten-wochen-zwei-total-krasse-sachen-passiert/","ID: 14690<BR>Last.Updated: 6/24/2014 9:45:49<BR>Title: ich bin 12 Jahre alt und mir sind in den letzten Wochen zwei total krasse Sachen passiert<BR>Type: other<BR>Story: ich bin 12 Jahre alt und mir sind in den<BR>Location: 52.3872923<BR>Longitude: 13.7108965<BR>Marker: pink_blank<BR>unnamed (1): "
"13.3107046","52.5002944","http://berlin.ihollaback.org/alle-taten-so-als-gaebe-es-mich-nicht/","ID: 14752<BR>Last.Updated: 7/4/2014 6:47:02<BR>Title: Alle taten so als gäbe es mich nicht.<BR>Type: assault,groping<BR>Story: Es ist schon etwas her, aber mir ist es<BR>Location: 52.5002944<BR>Longitude: 13.3107046<BR>Marker: pink_blank<BR>unnamed (1): "
"13.4182472","52.4990628","http://berlin.ihollaback.org/und-ich-hoffe-den-aggressor-zumindest-geaergert-zu-haben/","ID: 14958<BR>Last.Updated: 7/27/2014 5:08:39<BR>Title: “Und ich hoffe, den Aggressor zumindest geärgert zu haben.”<BR>Type: assault,verbal<BR>Story: Ich war auf dem Heimweg vom U-Bahnhof Ko<BR>Location: 52.4990628<BR>Longitude: 13.4182472<BR>Marker: pink_blank<BR>unnamed (1): "
"13.4617578","52.5094066","http://berlin.ihollaback.org/sonntag-nachmittag-friedrichshainer-kiez/","ID: 15160<BR>Last.Updated: 8/4/2014 13:34:43<BR>Title: Sonntag Nachmittag, Friedrichshainer Kiez.<BR>Type: assault<BR>Story: Ich gehe langsam und verträumt gerade me<BR>Location: 52.5094066<BR>Longitude: 13.4617578<BR>Marker: pink_blank<BR>unnamed (1): "
"13.332927","52.506882","http://berlin.ihollaback.org/neue-einsendung-2/","ID: 16158<BR>Last.Updated: 8/31/2014 13:39:17<BR>Title: Neue Einsendung<BR>Type: Groping<BR>Story: Der fremde Mann sprach zuerst freundlich<BR>Location: 52.506882<BR>Longitude: 13.332927<BR>Marker: pink_blank<BR>unnamed (1): "
"13.3141342","52.4997568","http://berlin.ihollaback.org/ich-m-14wurde-im-bus-m29-vom-olivaer-platz-richtung-checkpoint-charlie-von-einem-ca-20-25-jaehrigen-mann-belaestigt/","ID: 16271<BR>Last.Updated: 9/1/2014 14:11:23<BR>Title: Ich (M-14),wurde im Bus M29 vom Olivaer Platz Richtung Checkpoint Charlie von einem ca.20-25 jährigen Mann belästigt<BR>Type: groping<BR>Story: Ich (M-14),wurde im Bus M29 vom Olivaer<BR>Location: 52.4997568<BR>Longitude: 13.3141342<BR>Marker: pink_blank<BR>unnamed (1): "
"13.4508341","52.5091536","http://berlin.ihollaback.org/ich-koennte-beinahe-jeden-tag-eine-geschichte-teilen-und-es-frustriert-mich/","ID: 16357<BR>Last.Updated: 9/3/2014 16:19:30<BR>Title: “Ich könnte beinahe jeden Tag eine Geschichte teilen und es frustriert mich.”<BR>Type: groping,verbal<BR>Story: Ich gehe mit einer Freundin nachts im Re<BR>Location: 52.5091536<BR>Longitude: 13.4508341<BR>Marker: pink_blank<BR>unnamed (1): "
"13.2171377","52.4430741","http://berlin.ihollaback.org/schlachtensee/","ID: 16721<BR>Last.Updated: 9/20/2014 12:19:32<BR>Title: Schlachtensee<BR>Type: verbal,other<BR>Story: Am Schlachtensee herrscht unter Badenden<BR>Location: 52.4430741<BR>Longitude: 13.2171377<BR>Marker: pink_blank<BR>unnamed (1): "
"13.3285028","52.531995900000005","http://berlin.ihollaback.org/ich-war-leider-so-schockiert-dass-ich-nicht-wirklich-reagieren-konnte/","ID: 17101<BR>Last.Updated: 9/29/2014 14:54:43<BR>Title: Ich war leider so schockiert, dass ich nicht wirklich reagieren konnte..<BR>Type: groping<BR>Story: Ich fahre mit meiner Freundin auf dem Fa<BR>Location: 52.5319959<BR>Longitude: 13.3285028<BR>Marker: pink_blank<BR>unnamed (1): "
"13.4508341","52.5091536","http://berlin.ihollaback.org/ich-finde-ich-habe-gut-verhindert-dass-die-situation-eskaliert/","ID: 18144<BR>Last.Updated: 10/15/2014 16:58:10<BR>Title: Ich finde ich habe gut verhindert, dass die Situation eskaliert.<BR>Type: other<BR>Story: Ich ging Samstag Nacht alleine an der Wa<BR>Location: 52.5091536<BR>Longitude: 13.4508341<BR>Marker: pink_blank<BR>unnamed (1): "
"13.45","52.483333","http://www.ihollaback.org/blog/2014/10/22/sophias-story-street-harassment-in-neukolln/","ID: 18589<BR>Last.Updated: 10/22/2014 15:46:52<BR>Title: Sophia’s Story: Street Harassment in Neukölln<BR>Type: assault,groping,verbal<BR>Story: It&apos;s not just one event, being hara<BR>Location: 52.483333<BR>Longitude: 13.45<BR>Marker: pink_blank<BR>unnamed (1): "
"13.399730000000002","52.50422","http://berlin.ihollaback.org/fahrradstory/","ID: 18573<BR>Last.Updated: 10/24/2014 12:24:20<BR>Title: Fahrradstory<BR>Type: verbal<BR>Story: Da es ein Kopfsteinplaster Weg ist fuhr<BR>Location: 52.50422<BR>Longitude: 13.39973<BR>Marker: pink_blank<BR>unnamed (1): "
"13.4277721","52.4963153","http://berlin.ihollaback.org/l-s-geschichte/","ID: 18776<BR>Last.Updated: 10/31/2014 15:47:42<BR>Title: L.’s Geschichte<BR>Type: verbal<BR>Story: Ich war bei Freunden im Prenzlauer Berg<BR>Location: 52.4963153<BR>Longitude: 13.4277721<BR>Marker: pink_blank<BR>unnamed (1): "
"13.4165451","52.5020207","http://berlin.ihollaback.org/zum-verzweifeln/","ID: 18798<BR>Last.Updated: 11/1/2014 10:52:38<BR>Title: Zum Verzweifeln!<BR>Type: verbal<BR>Story: Diese Geschichte hat sich vor einigen Mo<BR>Location: 52.5020207<BR>Longitude: 13.4165451<BR>Marker: pink_blank<BR>unnamed (1): "
"13.404954","52.5200066","http://berlin.ihollaback.org/erinnerungen/","ID: 19449<BR>Last.Updated: 11/14/2014 15:01:45<BR>Title: Erinnerungen<BR>Type: assault,groping,verbal,other<BR>Story: Mein Vater, der plötzlich aus seinem Ver<BR>Location: 52.5200066<BR>Longitude: 13.404954<BR>Marker: pink_blank<BR>unnamed (1): "
"13.4272009","52.4956904","http://berlin.ihollaback.org/wir-sind-frauen-die-mit-respekt-zu-behandeln-sind/","ID: 20139<BR>Last.Updated: 11/25/2014 11:01:23<BR>Title: Wir sind Frauen, die mit Respekt zu behandeln sind<BR>Type: groping,verbal<BR>Story: Berlin, Watergate, Samstag, 2:30 Uhr:<BR>Zw<BR>Location: 52.4956904<BR>Longitude: 13.4272009<BR>Marker: pink_blank<BR>unnamed (1): "
"13.404954","52.5200066","http://berlin.ihollaback.org/am-u-bahnhof-kurfuerstendamm/","ID: 20560<BR>Last.Updated: 12/2/2014 12:01:55<BR>Title: Am U-Bahnhof Kurfürstendamm<BR>Type: verbal<BR>Story: Als ich im Sommer abends mit einer Freun<BR>Location: 52.5200066<BR>Longitude: 13.404954<BR>Marker: pink_blank<BR>unnamed (1): "
"13.3917987","52.4986049","http://berlin.ihollaback.org/auf-einem-konzert-in-kreuzberg/","ID: 20597<BR>Last.Updated: 12/4/2014 7:01:02<BR>Title: Auf einem Konzert in Kreuzberg<BR>Type: verbal,other<BR>Story: Ich bin mit zwei Freund_innen auf einem<BR>Location: 52.4986049<BR>Longitude: 13.3917987<BR>Marker: pink_blank<BR>unnamed (1): "
"13.4011442","52.5331226","http://berlin.ihollaback.org/wartend-am-fotoautomaten/","ID: 20657<BR>Last.Updated: 12/7/2014 13:01:28<BR>Title: Wartend am Fotoautomaten<BR>Type: Verbal<BR>Story: Meine Freundin und ich stehen vorm Foto-<BR>Location: 52.5331226<BR>Longitude: 13.4011442<BR>Marker: pink_blank<BR>unnamed (1): "
"13.342165","52.518111000000005","http://berlin.ihollaback.org/ich-stands-abends-am-relativ-leeren-u-bahn/","ID: 21818<BR>Last.Updated: 2/26/2015 10:12:48<BR>Title: Ich stand abends am relativ leeren U-Bahnhof…<BR>Type: verbal,other<BR>Story: Ich stand abends am relativ leeren U-Bah<BR>Location: 52.518111<BR>Longitude: 13.342165<BR>Marker: pink_blank<BR>unnamed (1): "
"13.4188677","52.5344989","http://berlin.ihollaback.org/auf-dem-weg-ins-kino/","ID: 21820<BR>Last.Updated: 2/26/2015 10:13:06<BR>Title: Auf dem Weg ins Kino<BR>Type: verbal<BR>Story: Es ist gegen 19 Uhr. Ich bin auf dem Weg<BR>Location: 52.5344989<BR>Longitude: 13.4188677<BR>Marker: pink_blank<BR>unnamed (1): "
"13.404954","52.5200066","http://berlin.ihollaback.org/im-club-fhain/","ID: 21833<BR>Last.Updated: 2/28/2015 8:31:07<BR>Title: Im Club – F’hain<BR>Type: groping<BR>Story: Hi, heute im Club, sonst ein sehr schöne<BR>Location: 52.5200066<BR>Longitude: 13.404954<BR>Marker: pink_blank<BR>unnamed (1): "
"13.334648","52.595665000000004","http://berlin.ihollaback.org/ich-fahre-in-berlin-mit-der-u-bahn-richtung-hermannstrasse/","ID: 21868<BR>Last.Updated: 3/6/2015 11:06:00<BR>Title: Ich fahre in Berlin mit der U-Bahn Richtung Hermannstraße<BR>Type: verbal<BR>Story: Ich fahre in Berlin mit der U-Bahn Richt<BR>Location: 52.595665<BR>Longitude: 13.334648<BR>Marker: pink_blank<BR>unnamed (1): "
"13.4238473","52.4864431","http://berlin.ihollaback.org/i-was-cycling-through-hasenheide-enjoying-the-sunshine/","ID: 554cbc7d686f734a43000000<BR>Last.Updated: 5/9/2015 12:05:05<BR>Title: I was cycling through Hasenheide, enjoying the sunshine&#8230;<BR>Type: verbal<BR>Story: I was cycling through Hasenheide, enjoyi<BR>Location: 52.4864431<BR>Longitude: 13.4238473<BR>Marker: pink_blank<BR>unnamed (1): "
"13.3688254","52.5488862","http://berlin.ihollaback.org/zum-ersten-mal-hatte-ich-den-mut-laut-zu-sein/","ID: 55509b60686f732187000000<BR>Last.Updated: 5/13/2015 11:02:12<BR>Title: Zum ersten Mal hatte ich den Mut, LAUT zu sein…<BR>Type: assault<BR>Story: Ich stand am UBahnhof (oben) an der Ampe<BR>Location: 52.5488862<BR>Longitude: 13.3688254<BR>Marker: pink_blank<BR>unnamed (1): "
"13.4395167","52.475871000000005","http://berlin.ihollaback.org/ich-hoere-ein-geiler-arsch-von-hinter-mir/","ID: 556752c2686f733b11000000<BR>Last.Updated: 5/29/2015 12:01:51<BR>Title: Ich höre ein “geiler Arsch” von hinter mir…<BR>Type: verbal<BR>Story: Ich bin verabredet, freue mich darauf un<BR>Location: 52.475871<BR>Longitude: 13.4395167<BR>Marker: pink_blank<BR>unnamed (1): "
"13.366667","52.550000000000004","http://berlin.ihollaback.org/ich-bin-mit-dem-fahrrad-naehe-leopoldplatz/","ID: 5567944d686f732d2a010000<BR>Last.Updated: 7/27/2015 20:53:15<BR>Title: Ich bin mit dem Fahrrad nähe Leopoldplatz…<BR>Type: verbal,other<BR>Story: Seit ich in Berlin bin werde ich so gut<BR>Location: 52.55<BR>Longitude: 13.366667<BR>Marker: pink_blank<BR>unnamed (1): "
"13.4029232","52.5299308","http://berlin.ihollaback.org/what-the-fuck/","ID: 5596cb82686f7305cd000000<BR>Last.Updated: 7/29/2015 15:59:33<BR>Title: „What the fuck“<BR>Type: other<BR>Story: I was in the U-bahn station Rosenthaler<BR>Location: 52.5299308<BR>Longitude: 13.4029232<BR>Marker: pink_blank<BR>unnamed (1): "
"13.41007","52.536","http://berlin.ihollaback.org/i-was-walking-home-from-the-library/","ID: 5596ccc8686f7305cd010000<BR>Last.Updated: 7/30/2015 15:56:56<BR>Title: I was walking home from the library<BR>Type: verbal<BR>Story: I was walking home from the library (Tue<BR>Location: 52.536<BR>Longitude: 13.41007<BR>Marker: pink_blank<BR>unnamed (1): "
"13.413214700000001","52.5219184","http://berlin.ihollaback.org/wo-bleibt-der-respekt-vor-frauen/","ID: 55c48a56686f7339a9000000<BR>Last.Updated: 9/27/2015 10:34:15<BR>Title: Wo bleibt der Respekt vor Frauen.<BR>Type: other<BR>Story: Ich wollte am Abend nicht mal wirklich s<BR>Location: 52.5219184<BR>Longitude: 13.4132147<BR>Marker: pink_blank<BR>unnamed (1): "
"13.3756312","52.4213402","http://berlin.ihollaback.org/spar-dir-doch-einfach-die-sexistischen-sprueche/","ID: 55c4cd59686f73532d000000<BR>Last.Updated: 9/27/2015 10:37:25<BR>Title: Spar dir doch einfach die sexistischen Sprüche<BR>Type: verbal<BR>Story: Begegnung auf dem Nachhauseweg.<BR><BR>Abends,<BR>Location: 52.4213402<BR>Longitude: 13.3756312<BR>Marker: pink_blank<BR>unnamed (1): "
"13.3917987","52.4986049","http://berlin.ihollaback.org/unfortunately-this-wasnt-the-only-cat-call-i-experienced-that-night-but-certainly-the-most-aggressive/","ID: 55cbca14686f736ece040000<BR>Last.Updated: 9/27/2015 10:43:10<BR>Title: Unfortunately this wasn’t the only cat call I experienced that night, but certainly the most aggressive.<BR>Type: assault<BR>Story: Coming out of Kottbusser Tor station aro<BR>Location: 52.4986049<BR>Longitude: 13.3917987<BR>Marker: pink_blank<BR>unnamed (1): "
"13.366936","52.5465239","http://berlin.ihollaback.org/new-submissionon-three-different-occasions-we-were-harassed-by-male-passers-by/","ID: 55d88ea4686f731b1b000000<BR>Last.Updated: 9/28/2015 10:45:23<BR>Title: On THREE different occasions we were harassed by male passers-by<BR>Type: verbal,homophobic,racist,other<BR>Story: Was on a date with a girl, weather was n<BR>Location: 52.5465239<BR>Longitude: 13.366936<BR>Marker: pink_blank<BR>unnamed (1): "
"13.3796451","52.5508199","http://berlin.ihollaback.org/coming-home-from-a-party/","ID: 55f6b989686f73072e000000<BR>Last.Updated: 10/14/2015 15:20:07<BR>Title: Coming home from a party<BR>Type: verbal<BR>Story: Coming home from a party, I walked by th<BR>Location: 52.5508199<BR>Longitude: 13.3796451<BR>Marker: pink_blank<BR>unnamed (1): "
"13.450864300000001","52.5091442","http://berlin.ihollaback.org/i-looked-at-him-with-disgust-and-move-away/","ID: 561a793f686f7368c5010000<BR>Last.Updated: 10/18/2015 13:22:15<BR>Title: I looked at him with disgust and move away<BR>Type: stalking,other<BR>Story: I was waiting for my S bahn in Warschaue<BR>Location: 52.5091442<BR>Longitude: 13.4508643<BR>Marker: pink_blank<BR>unnamed (1): "
