"4.3452652","50.8444671","http://brussels.ihollaback.org/2012/03/22/annas-hollaback-harassment-story-and-thoughts/","ID: 5704<BR>Last.Updated: 3/22/2012 8:38:11<BR>Title: Anna: “That feeling and fear ebbs and flows but has never gone away.”<BR>Type: verbal,other<BR>Story: &lt;div style=&quot;text-align: justify&<BR>Location: 50.8444671<BR>Longitude: 4.3452652<BR>Marker: pink_blank"
"4.3516379","50.8507913","http://brussels.ihollaback.org/2012/03/19/new-submission-from-ingrid/","ID: 5662<BR>Last.Updated: 3/19/2012 17:44:10<BR>Title: Ingrid: “C’est toujours là, présent. Quelque part dans mon corps. Refoulé.”<BR>Type: groping<BR>Story: &lt;div style=&quot;text-align: justify&<BR>Location: 50.8507913<BR>Longitude: 4.3516379<BR>Marker: pink_blank"
"4.3426216","50.8600532","http://brussels.ihollaback.org/2012/03/26/new-submission-by-angelika/","ID: 5752<BR>Last.Updated: 3/26/12<BR>Title: Angelika: \I suddenly felt the anger welling up in me\""""<BR>Type: verbal<BR>Story: There were many harassment incidents in my life. Like it is the case with a lot of women<BR>Location: 50.8600532<BR>Longitude: 4.3426216<BR>Marker: pink_blank"
"4.3940158","50.8172852","http://brussels.ihollaback.org/2012/04/12/new-submission-from-julie-2/","ID: 5888<BR>Last.Updated: 4/13/2012 8:54:49<BR>Title: Julie: “Parce que c’est ce que la ville nous apprend: regarde devant toi, tais-toi, agrandis ta bulle parce que tu n’as pas le choix.”\<BR>Type: groping<BR>Story:<BR>Location: 50.8172852<BR>Longitude: 4.3940158<BR>Marker: pink_blank"
"4.349427","50.848068","http://brussels.ihollaback.org/2012/04/14/new-submission-from-anonymous-2/","ID: 5903<BR>Last.Updated: 4/14/2012 8:59:46<BR>Title: Anonyme: “I would like to warn you all of THE tram-pervert.”<BR>Type: groping,verbal<BR>Story: Une habitante de Bruxelles qui préfère r<BR>Location: 50.848068<BR>Longitude: 4.349427<BR>Marker: pink_blank"
"4.3500241","50.8620918","http://brussels.ihollaback.org/2012/04/18/kelly-i-felt-dirty-like-i-was-nothing-to-him-again-he-just-laughed-and-imitated-me-dismissing-my-anger/","ID: 5952<BR>Last.Updated: 4/18/2012 6:20:58<BR>Title: Kelly: “I felt dirty, like I was nothing to him. Again he just laughed and imitated me, dismissing my anger.”<BR>Type: groping<BR>Story: I was walking outside a club, lots of pe<BR>Location: 50.8620918<BR>Longitude: 4.3500241<BR>Marker: pink_blank"
"4.350055","50.8556587","http://brussels.ihollaback.org/2012/04/18/lieselotte-he-asked-me-how-long-i-was-pregnant-and-if-he-could-make-babies-with-me/","ID: 5955<BR>Last.Updated: 4/18/2012 6:47:36<BR>Title: Lieselotte: “he asked me how long I was pregnant, and if he could make babies with me”<BR>Type: assault,verbal<BR>Story: I was pregnant, and I was almost nine mo<BR>Location: 50.8556587<BR>Longitude: 4.350055<BR>Marker: pink_blank"
"4.365307","50.825587","http://brussels.ihollaback.org/2012/04/18/story-annad-2/","ID: 5965<BR>Last.Updated: 4/18/2012 14:57:55<BR>Title: Anna D.: “…He then said ‘okay but do you want to get into my car and show me where Rue the Sex is?’ “<BR>Type: verbal<BR>Story: I was walking home again and a car with<BR>Location: 50.825587<BR>Longitude: 4.365307<BR>Marker: pink_blank"
"4.366957","50.822673","http://brussels.ihollaback.org/2012/04/18/story-annad-4/","ID: 5963<BR>Last.Updated: 4/18/2012 15:35:25<BR>Title: Anna D.: “One of them started to put his arm around me. All the while, the car with the other two men was still driving alongside, doors open.”<BR>Type: groping,stalking,verbal<BR>Story: I was walking home around 22h from an ev<BR>Location: 50.822673<BR>Longitude: 4.366957<BR>Marker: pink_blank"
"4.3541238","50.8539264","http://brussels.ihollaback.org/2012/04/18/story-annad-3/","ID: 5964<BR>Last.Updated: 4/18/2012 15:11:33<BR>Title: Anna D. :  “He said ‘I love you…’  *I rolled my eyes*  ‘and I hate you, you fucking bitch, bitch bitch bitch’ “<BR>Type: verbal<BR>Story: Walking to the metro stop from work (in<BR>Location: 50.8539264<BR>Longitude: 4.3541238<BR>Marker: pink_blank"
"4.3567309","50.843981","http://brussels.ihollaback.org/2012/04/18/new-submission-from-toos/","ID: 5971<BR>Last.Updated: 4/18/2012 17:36:15<BR>Title: Margot: “ik was eerlijk waar doodsbang, maar was zo verbijsterd dat ik niet wist waarheen.”<BR>Type: groping,verbal<BR>Story: Een verhaal dat vandaag gebeurd is en wa<BR>Location: 50.843981<BR>Longitude: 4.3567309<BR>Marker: pink_blank"
"4.3515499","50.8427501","http://brussels.ihollaback.org/2012/04/19/caroline-op-halloween-werden-mijn-vriendin-haar-14-jarige-dochter-en-ik-agressief-aangesproken-op-de-azalealaan-ook-bij-het-josaphatpark-of-we-geen-seks-wilden-onmiddellijk-daar-terplekke-dat/","ID: 5979<BR>Last.Updated: 4/19/2012 6:46:24<BR>Title: Caroline: “… of we geen seks wilden. Onmiddellijk, daar terplekke. Dat voorstel werd begeleid door klakkende geluiden.”<BR>Type: groping,verbal<BR>Story: Al meerdere malen ben ik lastiggevallen<BR>Location: 50.8427501<BR>Longitude: 4.3515499<BR>Marker: pink_blank"
"4.2866825","50.8546998","http://brussels.ihollaback.org/2012/04/19/story-from-ely-2/","ID: 5983<BR>Last.Updated: 4/19/2012 10:14:32<BR>Title: Ely: “Tot een van die mannen me in de hoek duwde. Ik voelde me onveilig en had veel angst.”<BR>Type: assault,stalking<BR>Story: Op een namiddag nam ik de metro richting<BR>Location: 50.8546998<BR>Longitude: 4.2866825<BR>Marker: pink_blank"
"4.3456061","50.8425424","http://brussels.ihollaback.org/2012/04/23/histoire-de-liksie-2/","ID: 6008<BR>Last.Updated: 4/23/2012 6:53:14<BR>Title: Liksie: “j’en ai eu tellement marre que j’ai levée la main et j’ai dit : “Je n’ai pas envie de parler”.”<BR>Type: verbal<BR>Story: Je suis originaire de Bruxelles. J&apos;<BR>Location: 50.8425424<BR>Longitude: 4.3456061<BR>Marker: pink_blank"
"4.352536","50.849795","http://brussels.ihollaback.org/2012/04/23/histoire-de-ines-2/","ID: 6015<BR>Last.Updated: 4/23/2012 13:16:51<BR>Title: Ines: “Le pire est que je n’avais pas l’impression que ça l’avait découragé…”<BR>Type: groping<BR>Story: Je vis depuis plus de deux ans à Bruxell<BR>Location: 50.849795<BR>Longitude: 4.352536<BR>Marker: pink_blank"
"4.3635087","50.8442584","http://brussels.ihollaback.org/2012/04/25/verhaal-van-veronika1-2/","ID: 6071<BR>Last.Updated: 4/25/2012 19:33:26<BR>Title: Veronika: “Ik wil niet weten wat hij met de andere hand aan het doen was.”<BR>Type: groping<BR>Story: Pipi moet je doen. In een park is dat al<BR>Location: 50.8442584<BR>Longitude: 4.3635087<BR>Marker: pink_blank"
"4.3532594","50.8499923","http://brussels.ihollaback.org/2012/04/25/verhaal-van-veronika2-2/","ID: 6074<BR>Last.Updated: 4/25/2012 19:37:07<BR>Title: Veronika: “Wij lopen snel door, maar hij geeft niet op.”<BR>Type: groping<BR>Story: 14 jaar en op weg naar de Nieuwstraat. E<BR>Location: 50.8499923<BR>Longitude: 4.3532594<BR>Marker: grn_blank"
"4.3456061","50.8425424","http://brussels.ihollaback.org/2012/04/25/verhaal-van-veronika3-2/","ID: 6072<BR>Last.Updated: 4/25/2012 19:43:29<BR>Title: Veronika: “Ik ben echt blij dat ik die klik toen kon maken, want ik ben niet zeker wat er anders was gebeurd.”<BR>Type: groping<BR>Story: 23u, ik loop terug van het Centraal Stat<BR>Location: 50.8425424<BR>Longitude: 4.3456061<BR>Marker: pink_blank"
"4.3571135","50.8454658","http://brussels.ihollaback.org/2012/04/26/new-submission-bydavid/","ID: 6079<BR>Last.Updated: 4/26/2012 9:01:50<BR>Title: David: “She is horrified. We all are. What she does not understand is that she begged them to stop and that this will forever be her first sexual experience.”<BR>Type: assault,groping<BR>Story: My daughter who turned 15 in January has<BR>Location: 50.8454658<BR>Longitude: 4.3571135<BR>Marker: pink_blank"
"4.356677","50.845739","http://brussels.ihollaback.org/2012/04/26/story-from-k-2/","ID: 6084<BR>Last.Updated: 4/26/2012 20:01:26<BR>Title: K.: “He just said “But honey, calm down, did they really hurt you?”\"",""<BR>Type: groping<BR>Story:<BR>Location: 50.845739<BR>Longitude: 4.356677<BR>Marker: pink_blank"
"4.3517103","50.8503396","http://brussels.ihollaback.org/2012/04/29/verhaal-van-eva/","ID: 6143<BR>Last.Updated: 5/1/2012 12:33:25<BR>Title: Eva: “Je dader confronteren is niet makkelijk. Daarvoor heb je de steun van een hele gemeenschap nodig…”<BR>Type: groping,stalking,verbal,other<BR>Story: Over grenzen en bewijslast...<BR><BR>Veel vrou<BR>Location: 50.8503396<BR>Longitude: 4.3517103<BR>Marker: pink_blank"
"4.406588","50.8215106","http://brussels.ihollaback.org/2012/05/04/histoire-de-sophie-2/","ID: 6226<BR>Last.Updated: 5/4/2012 10:50:04<BR>Title: Sophie: “J’ai eu la peur de ma vie, j’ai retiré mes chaussures à talons et ai couru pieds nus en pleine rue pour leur échapper.”<BR>Type: assault,stalking,verbal,other<BR>Story: &lt;p style=&quot;text-align: justify&qu<BR>Location: 50.8215106<BR>Longitude: 4.406588<BR>Marker: pink_blank"
"4.3517103","50.8503396","http://brussels.ihollaback.org/2012/05/07/histoire-de-emilie-2/","ID: 6257<BR>Last.Updated: 5/7/2012 8:08:12<BR>Title: Emilie: “Je me suis retournée folle de rage et en voyant son petit sourire satisfait..”<BR>Type: groping<BR>Story: &lt;p style=&quot;text-align: justify&qu<BR>Location: 50.8503396<BR>Longitude: 4.3517103<BR>Marker: pink_blank"
"4.308187","50.8365808","http://brussels.ihollaback.org/2012/05/07/verhaal-van-kelly-2/","ID: 6261<BR>Last.Updated: 5/7/2012 14:28:38<BR>Title: Kelly: “Maar ik vind het verdomme triest dat veel vrouwen intussen vinden dat het de normale gang van zaken is.”<BR>Type: groping,verbal<BR>Story: &lt;p style=&quot;text-align: justify&qu<BR>Location: 50.8365808<BR>Longitude: 4.308187<BR>Marker: pink_blank"
"4.389373","50.822385","http://brussels.ihollaback.org/2012/05/06/verhaal-van-margot2-2/","ID: 6271<BR>Last.Updated: 5/8/2012 7:49:11<BR>Title: Margot: “Ik probeer het te begrijpen en niet te overdrijven, misschien wou hij gewoon praten?”<BR>Type: other<BR>Story: &lt;p style=&quot;text-align: justify&qu<BR>Location: 50.822385<BR>Longitude: 4.389373<BR>Marker: pink_blank"
"4.3859799","50.8725091","http://brussels.ihollaback.org/2012/05/08/histoire-de-margaux/","ID: 6272<BR>Last.Updated: 5/8/2012 16:23:43<BR>Title: Margaux: “Il m’a proposé de venir chez lui”<BR>Type: stalking<BR>Story: &lt;p style=&quot;text-align: justify&qu<BR>Location: 50.8725091<BR>Longitude: 4.3859799<BR>Marker: pink_blank"
"4.3502397","50.8553629","http://brussels.ihollaback.org/2012/05/09/verhaal-van-karin-2/","ID: 6277<BR>Last.Updated: 5/9/2012 6:02:27<BR>Title: Karin: “Meteen waren we volledig omsingeld en werden we uitgejouwd.”<BR>Type: verbal,other<BR>Story: &lt;p style=&quot;text-align: justify&qu<BR>Location: 50.8553629<BR>Longitude: 4.3502397<BR>Marker: pink_blank"
"4.3488164","50.8492293","http://brussels.ihollaback.org/2012/05/10/bridget-story-2/","ID: 6303<BR>Last.Updated: 5/10/2012 13:44:12<BR>Title: Bridget: “For 2 years, I was continuously harassed or followed by men in my neighborhood in the city center”<BR>Type: assault<BR>Story: &lt;p style=&quot;text-align: justify&qu<BR>Location: 50.8492293<BR>Longitude: 4.3488164<BR>Marker: pink_blank"
"4.388949","50.832177","http://brussels.ihollaback.org/2012/05/11/story-from-ally-2/","ID: 6308<BR>Last.Updated: 5/11/2012 7:33:25<BR>Title: Ally: “But…we made eye contact. Very bad.”<BR>Type: assault,verbal<BR>Story: &lt;p style=&quot;text-align: justify&qu<BR>Location: 50.832177<BR>Longitude: 4.388949<BR>Marker: pink_blank"
"4.351198","50.857454000000004","http://brussels.ihollaback.org/2012/05/25/verhaal-van-june-2/","ID: 6472<BR>Last.Updated: 5/25/2012 8:26:45<BR>Title: June: “Ik stond daar, perplex, beledigd, aangevallen, in tranen, totaal geparalyseerd door angst,..”<BR>Type: assault,other<BR>Story: &lt;p style=&quot;text-align: justify&qu<BR>Location: 50.857454<BR>Longitude: 4.351198<BR>Marker: pink_blank"
"4.346876","50.837424","http://brussels.ihollaback.org/2012/05/29/verhaal-van-marie-2/","ID: 6511<BR>Last.Updated: 5/29/2012 10:24:39<BR>Title: Marie: “Ik heb hard geschreeuwd, ik weet niet meer wat, waardoor hij schrok en zich uit de voeten maakte.”<BR>Type: groping<BR>Story: &lt;p style=&quot;text-align: justify&qu<BR>Location: 50.837424<BR>Longitude: 4.346876<BR>Marker: pink_blank"
"4.3517103","50.8503396","http://brussels.ihollaback.org/2012/05/31/verhaal-va-anoniempje-2/","ID: 6535<BR>Last.Updated: 5/31/2012 14:55:46<BR>Title: Anoniempje: “Ik ga dan altijd even wat verder staan, maar dan komt hij gewoon terug dichterbij.”<BR>Type: groping<BR>Story: &lt;p style=&quot;text-align: justify&qu<BR>Location: 50.8503396<BR>Longitude: 4.3517103<BR>Marker: pink_blank"
"4.366154","50.853104","http://brussels.ihollaback.org/2012/05/31/verhaal-van-eveline/","ID: 6538<BR>Last.Updated: 5/31/2012 18:03:56<BR>Title: Eveline: “Ik wist niet wat er ging gebeuren maar ik had schrik…”<BR>Type: stalking<BR>Story: &lt;p style=&quot;text-align: justify&qu<BR>Location: 50.853104<BR>Longitude: 4.366154<BR>Marker: pink_blank"
"4.3573343","50.8556207","http://brussels.ihollaback.org/2012/05/31/verhaal-van-fluttershy-2/","ID: 6541<BR>Last.Updated: 5/31/2012 18:14:10<BR>Title: Fluttershy: “..het was gewoon een degoutante ervaring, en spijtig genoeg niet de eerste keer..”<BR>Type: groping,homophobic,stalking,verbal<BR>Story: &lt;p style=&quot;text-align: justify&qu<BR>Location: 50.8556207<BR>Longitude: 4.3573343<BR>Marker: pink_blank"
"4.3433053","50.8407147","http://brussels.ihollaback.org/2012/05/31/verhaal-van-juffie-2/","ID: 6544<BR>Last.Updated: 6/2/2012 13:09:27<BR>Title: Juffie: “..na verloop van tijd ben je het zo beu dat je je weg aanpast of totaal niet meer gaat.”<BR>Type: verbal<BR>Story: &lt;p style=&quot;text-align: justify&qu<BR>Location: 50.8407147<BR>Longitude: 4.3433053<BR>Marker: pink_blank"
"4.3448789","50.8330226","http://brussels.ihollaback.org/2012/06/02/verhaal-van-katelijne-2/","ID: 6545<BR>Last.Updated: 6/2/2012 14:48:55<BR>Title: Katelijne: “..laat mij gewoon gerust, ik val jullie toch ook niet lastig!”<BR>Type: verbal<BR>Story: &lt;p style=&quot;text-align: justify&qu<BR>Location: 50.8330226<BR>Longitude: 4.3448789<BR>Marker: pink_blank"
"4.3522358","50.8454008","http://brussels.ihollaback.org/2012/06/02/daphnee-blijkbaar-had-een-man-van-50-jaar-mij-achtervolgd-en-kwam-die-ook-de-winkel-binnen/","ID: 6543<BR>Last.Updated: 6/2/2012 12:57:01<BR>Title: Daphnée: “Blijkbaar had een man van +- 50 jaar mij achtervolgd en kwam die ook de winkel binnen.”<BR>Type: groping<BR>Story: &lt;p style=&quot;text-align: justify&qu<BR>Location: 50.8454008<BR>Longitude: 4.3522358<BR>Marker: pink_blank"
"4.3517103","50.8503396","http://brussels.ihollaback.org/2012/06/02/verhaal-van-hannah-2/","ID: 6547<BR>Last.Updated: 6/2/2012 16:19:39<BR>Title: Hannah: “Ik was bang van iemand die zoiets doet, dat hij niet veel nodig zou hebben om nog verder te gaan..”<BR>Type: groping,verbal,other<BR>Story: &lt;p style=&quot;text-align: justify&qu<BR>Location: 50.8503396<BR>Longitude: 4.3517103<BR>Marker: pink_blank"
"4.3633643","50.8603911","http://brussels.ihollaback.org/2012/06/03/verhaal-van-nayro-2/","ID: 6549<BR>Last.Updated: 6/3/2012 16:35:25<BR>Title: Nayro: “Mama, volgt die man ons omdat hij met je wil trouwen?”<BR>Type: stalking,verbal,other<BR>Story: &lt;p style=&quot;text-align: justify&qu<BR>Location: 50.8603911<BR>Longitude: 4.3633643<BR>Marker: pink_blank"
"4.3345957","50.8350108","http://brussels.ihollaback.org/2012/06/04/verhaal-van-anoniem-zuidstation-2/","ID: 6642<BR>Last.Updated: 6/4/2012 17:30:46<BR>Title: Anoniem: “Ik stond letterlijk en figuurlijk met mijn rug tegen de muur.”<BR>Type: verbal,other<BR>Story: &lt;p style=&quot;text-align: justify&qu<BR>Location: 50.8350108<BR>Longitude: 4.3345957<BR>Marker: pink_blank"
"4.3281794","50.84951920000001","http://brussels.ihollaback.org/2012/06/06/verhaal-van-katrin-2/","ID: 6562<BR>Last.Updated: 6/6/2012 5:26:36<BR>Title: Katrin: “Ik vraag me af wat zijn vrouw ervan zou vinden dat hij het telefoonnummer van vreemde vrouwen vraagt.”<BR>Type: verbal<BR>Story: &lt;p style=&quot;text-align: justify&qu<BR>Location: 50.8495192<BR>Longitude: 4.3281794<BR>Marker: pink_blank"
"4.352536","50.849795","http://brussels.ihollaback.org/2012/06/07/verhaal-van-charlotte-2/","ID: 6573<BR>Last.Updated: 6/7/2012 4:41:22<BR>Title: Charlotte: “Ik vraag me nog altijd af waarom hij dat toen deed, want hij kon me onmogelijk zien aankomen hebben.”<BR>Type: groping<BR>Story: &lt;p style=&quot;text-align: justify&qu<BR>Location: 50.849795<BR>Longitude: 4.352536<BR>Marker: pink_blank"
"4.359904","50.86017","http://brussels.ihollaback.org/2012/06/07/verhaal-van-ely-2/","ID: 6576<BR>Last.Updated: 6/7/2012 17:07:04<BR>Title: Ely: “Een halte duurde als een eeuwigheid want hij bleef naar me staren.”<BR>Type: stalking,verbal<BR>Story: &lt;p style=&quot;text-align: justify&qu<BR>Location: 50.86017<BR>Longitude: 4.359904<BR>Marker: pink_blank"
"4.3282241","50.8631222","http://brussels.ihollaback.org/2012/06/01/l-ik-heb-me-sindsdien-niet-meer-alleen-in-dat-park-durven-vertonen/","ID: 6578<BR>Last.Updated: 6/9/2012 5:27:15<BR>Title: L.: “Ik heb me sindsdien niet meer alleen in dat park durven vertonen.”<BR>Type: groping,stalking,verbal<BR>Story: &lt;p style=&quot;text-align: justify&qu<BR>Location: 50.8631222<BR>Longitude: 4.3282241<BR>Marker: pink_blank"
"4.3451183","50.8369249","http://brussels.ihollaback.org/2012/06/10/verhaal-van-marnix-2/","ID: 6584<BR>Last.Updated: 6/10/2012 8:49:00<BR>Title: Marnix: “De dochter smeekt me met grote angstogen om aub maar niet te reageren, ..”<BR>Type: verbal<BR>Story: &lt;p style=&quot;text-align: justify&qu<BR>Location: 50.8369249<BR>Longitude: 4.3451183<BR>Marker: pink_blank"
"4.3617873000000005","50.86052620000001","http://brussels.ihollaback.org/2012/06/10/verhaal-van-fatima-2/","ID: 6582<BR>Last.Updated: 6/10/2012 16:45:38<BR>Title: Fatima: “Dit moet stoppen, ik ben een dame, geen object en elke vrouw heeft recht op respect.”<BR>Type: groping<BR>Story: &lt;p style=&quot;text-align: justify&qu<BR>Location: 50.8605262<BR>Longitude: 4.3617873<BR>Marker: pink_blank"
"4.336515","50.896824","http://brussels.ihollaback.org/2012/06/12/histoire-de-louise-2/","ID: 6605<BR>Last.Updated: 6/13/2012 8:31:05<BR>Title: Louise: “Certains voyageurs à proximité rigolaient même et d’autres sont sortis par peur.”<BR>Type: stalking,verbal<BR>Story: &lt;p style=&quot;text-align: justify&qu<BR>Location: 50.896824<BR>Longitude: 4.336515<BR>Marker: pink_blank"
"4.35173","50.85702","http://brussels.ihollaback.org/2012/06/15/verhaal-van-lies-antwerpselaan-2/","ID: 6625<BR>Last.Updated: 6/15/2012 4:56:25<BR>Title: Lies: “In het algemeen heeft het weinig tot niets te maken met hoe je eruit ziet of wat je aan hebt.”<BR>Type: verbal<BR>Story: &lt;p style=&quot;text-align: justify&qu<BR>Location: 50.85702<BR>Longitude: 4.35173<BR>Marker: pink_blank"
"4.351198","50.857454000000004","http://brussels.ihollaback.org/2012/06/17/verhaal-van-edith-2/","ID: 6664<BR>Last.Updated: 6/17/2012 17:51:46<BR>Title: Edith: “.. zie ik hem kwaad naar mij staren, zijn lippen prevelen scheldwoorden en hij laat zijn vinger over zijn keel glijden.”<BR>Type: stalking<BR>Story: &lt;p style=&quot;text-align: justify&qu<BR>Location: 50.857454<BR>Longitude: 4.351198<BR>Marker: pink_blank"
"4.3619975","50.8384256","http://brussels.ihollaback.org/2012/06/10/anonymous-story-billboard-2/","ID: 6697<BR>Last.Updated: 6/20/2012 8:43:23<BR>Title: Anonymous: “…is it just me, with a billboard on my head that says ‘Touch me. I am not a human being?’”<BR>Type: groping<BR>Story: &lt;p style=&quot;text-align: justify&qu<BR>Location: 50.8384256<BR>Longitude: 4.3619975<BR>Marker: pink_blank"
"4.397709","50.853685","http://brussels.ihollaback.org/2012/06/16/verhaal-van-sofie-meiser-2/","ID: 6648<BR>Last.Updated: 6/15/2012 18:54:25<BR>Title: Sofie: “De shock en het ongeloof deden me ook gewoon bevriezen. De hele tijd werd ik geconfronteerd met zijn bewegingen.”<BR>Type: other<BR>Story: &lt;p style=&quot;text-align: justify&qu<BR>Location: 50.853685<BR>Longitude: 4.397709<BR>Marker: pink_blank"
"4.3517103","50.8503396","http://brussels.ihollaback.org/2012/06/17/verhaal-van-miranda-2/","ID: 6655<BR>Last.Updated: 6/17/2012 17:42:55<BR>Title: Miranda: “We moeten echt een duidelijk signaal geven dat dit niet meer kan blijven duren…”<BR>Type: verbal<BR>Story: &lt;p style=&quot;text-align: justify&qu<BR>Location: 50.8503396<BR>Longitude: 4.3517103<BR>Marker: pink_blank"
"4.349427","50.848068","http://brussels.ihollaback.org/2012/06/19/verhaal-sarah-beurs-2/","ID: 6758<BR>Last.Updated: 6/19/2012 15:36:50<BR>Title: Sarah: “..we zijn moeten gaan schuilen in een nachtwinkel.”<BR>Type: stalking,verbal<BR>Story: &lt;p style=&quot;text-align: justify&qu<BR>Location: 50.848068<BR>Longitude: 4.349427<BR>Marker: pink_blank"
"4.3528145","50.8514748","http://brussels.ihollaback.org/2012/06/23/verhaal-elke-brouckereplein-2/","ID: 6691<BR>Last.Updated: 6/23/2012 17:27:11<BR>Title: Elke: “Ik voel plots een hand aan mijn achterwerk die daar niet moet zijn.”<BR>Type: verbal<BR>Story: &lt;p style=&quot;text-align: justify&qu<BR>Location: 50.8514748<BR>Longitude: 4.3528145<BR>Marker: pink_blank"
"4.346509900000001","50.8415951","http://brussels.ihollaback.org/2012/06/27/verhaal-lene-zuidstation-2/","ID: 6722<BR>Last.Updated: 6/26/2012 18:23:13<BR>Title: Lene: “..heb geen 100m kunnen afleggen zonder achtervolgd te worden door degoutante opmerkingen en obscene gebaren.”<BR>Type: groping,verbal,other<BR>Story: &lt;p style=&quot;text-align: justify&qu<BR>Location: 50.8415951<BR>Longitude: 4.3465099<BR>Marker: pink_blank"
"4.321367","50.848879","http://brussels.ihollaback.org/2012/06/29/histoire-typh-molenbeek-2/","ID: 6839<BR>Last.Updated: 6/29/2012 4:28:16<BR>Title: Typh.: “…on me dit que c’est de ma faute, que c’est parce que je suis blonde.”<BR>Type: stalking,verbal<BR>Story: &lt;p style=&quot;text-align: justify&qu<BR>Location: 50.848879<BR>Longitude: 4.321367<BR>Marker: pink_blank"
"4.3730665","50.82801","http://brussels.ihollaback.org/2012/07/08/chloes-story-flagey-2/","ID: 6864<BR>Last.Updated: 7/8/2012 4:01:07<BR>Title: Chloe: “By the time I got my french fries, I was exhausted from trying to get them to leave us alone, and unfortunately I broke down in tears”<BR>Type: verbal<BR>Story: &lt;p style=&quot;text-align: justify&qu<BR>Location: 50.82801<BR>Longitude: 4.3730665<BR>Marker: pink_blank"
"4.3636166","50.8550955","http://brussels.ihollaback.org/2012/07/02/verhaal-eva-botanique-2/","ID: 6679<BR>Last.Updated: 7/2/2012 6:09:31<BR>Title: Eva: “Ik wil niet elke dag hopen dat het regent en bliksemt zodat ik ongestoord naar het station kan wandelen.”<BR>Type: stalking,verbal<BR>Story: &lt;p style=&quot;text-align: justify&qu<BR>Location: 50.8550955<BR>Longitude: 4.3636166<BR>Marker: pink_blank"
"4.3673268","50.8612418","http://brussels.ihollaback.org/2012/07/03/vif-vroeg-hun-dat-als-mijn-twee-broers-dat-bij-hun-zusje-zouden-doen-of-ze-dan-ook-zo-zouden-lachen/","ID: 6666<BR>Last.Updated: 7/3/2012 7:39:10<BR>Title: Vif: “…vroeg hun dat, als mijn twee broers dat bij hun zusje zouden doen of ze dan ook zo zouden lachen…”<BR>Type: groping<BR>Story: &lt;p style=&quot;text-align: justify&qu<BR>Location: 50.8612418<BR>Longitude: 4.3673268<BR>Marker: grn_blank"
"4.349427","50.848068","http://brussels.ihollaback.org/2012/07/07/verhaal-pandora-beurs-2/","ID: 6731<BR>Last.Updated: 7/7/2012 4:48:42<BR>Title: Pandora: “Ik zei beleefd “nee” en luisterde verder naar mijn muziek.”<BR>Type: other<BR>Story: &lt;p style=&quot;text-align: justify&qu<BR>Location: 50.848068<BR>Longitude: 4.349427<BR>Marker: pink_blank"
"4.3694332","50.8599526","http://brussels.ihollaback.org/2012/07/11/verhaal-sarah-schaerbeek-en-noordstation-2/","ID: 6815<BR>Last.Updated: 7/11/2012 5:45:49<BR>Title: Sarah: “De man komt aggressief op me af, ik ga achteruit en probeer een gesprek aan te knopen.”<BR>Type: assault,racist,verbal,other<BR>Story: &lt;p style=&quot;text-align: justify&qu<BR>Location: 50.8599526<BR>Longitude: 4.3694332<BR>Marker: grn_blank"
"4.33429","50.89402","http://brussels.ihollaback.org/2012/07/04/verhaal-karine-marathonlaan-2/","ID: 6753<BR>Last.Updated: 7/4/2012 4:31:45<BR>Title: Karine: “Ik probeerde ze af te schudden door de parking van het stadion op te lopen maar zij deden hetzelfde.”<BR>Type: stalking,verbal<BR>Story: &lt;p style=&quot;text-align: justify&qu<BR>Location: 50.89402<BR>Longitude: 4.33429<BR>Marker: pink_blank"
"4.3383381000000005","50.8230491","http://brussels.ihollaback.org/2012/07/09/emma-histoire-parc-de-forest-2/","ID: 6907<BR>Last.Updated: 7/10/2012 5:41:33<BR>Title: Emma: “Là, il y en a 5 qui s’avancent vers moi. Prise de panique, je pense juste à “cacher” mon sac derrière moi…”<BR>Type: assault,groping<BR>Story: &lt;p style=&quot;text-align: justify&qu<BR>Location: 50.8230491<BR>Longitude: 4.3383381<BR>Marker: pink_blank"
"4.3402184","50.8301436","http://brussels.ihollaback.org/2012/07/12/emma-histoire-st-gilles/","ID: 6908<BR>Last.Updated: 7/12/2012 4:01:14<BR>Title: Emma: “J’ai dit bien fort “Arrêtez de me suivre où je vais me plaindre”. ”<BR>Type: groping,stalking<BR>Story: &lt;p style=&quot;text-align: justify&qu<BR>Location: 50.8301436<BR>Longitude: 4.3402184<BR>Marker: pink_blank"
"4.377659","50.870525","http://brussels.ihollaback.org/2012/07/06/verhaal-sarah-schaarbeek-2/","ID: 6814<BR>Last.Updated: 7/6/2012 7:23:51<BR>Title: Sarah: “Als het groen licht wordt hoor ik de auto achter me gierend vertrekken, voel me een opgejaagd wild.”<BR>Type: assault<BR>Story: &lt;p style=&quot;text-align: justify&qu<BR>Location: 50.870525<BR>Longitude: 4.377659<BR>Marker: pink_blank"
"4.3517103","50.8503396","http://brussels.ihollaback.org/2012/07/13/claire-histoire-bxl-2/","ID: 6945<BR>Last.Updated: 7/13/2012 4:00:46<BR>Title: Claire: “j’espère que nous allons toutes (et tous!) aider à changer cette mentalité!”<BR>Type: other<BR>Story: &lt;p style=&quot;text-align: justify&qu<BR>Location: 50.8503396<BR>Longitude: 4.3517103<BR>Marker: pink_blank"
"4.3483793","50.8565498","http://brussels.ihollaback.org/2012/07/16/story-couleurcafefan-quaiducommerce/","ID: 6969<BR>Last.Updated: 7/16/2012 8:31:06<BR>Title: CouleurCafeFan: “In this city, if even men who are visibly beyond 70 years old cannot be trusted, I don’t call this ‘civilisation’ any more.”<BR>Type: groping,verbal<BR>Story: &lt;p style=&quot;text-align: justify&qu<BR>Location: 50.8565498<BR>Longitude: 4.3483793<BR>Marker: pink_blank"
"4.3405827","50.8636489","http://brussels.ihollaback.org/2012/07/26/verhaal-vicky-vanderstichelenstraat-2/","ID: 7033<BR>Last.Updated: 7/26/2012 17:42:45<BR>Title: Vicky: “Enkele jaren geleden werd ik de weg afgesloten door een busje, waarvan de chauffeur me begon te bespuwen.”<BR>Type: verbal,other<BR>Story: &lt;p style=&quot;text-align: justify&qu<BR>Location: 50.8636489<BR>Longitude: 4.3405827<BR>Marker: pink_blank"
"4.3558402","50.8401177","http://brussels.ihollaback.org/2012/07/27/histoire-tina-temoin-sablon-2/","ID: 7054<BR>Last.Updated: 7/27/2012 15:14:02<BR>Title: Tina: “Aux ‘courageux’ gars, j’ai crié: “T’as pas honte?” et “Retourne chez ta mère!”.”<BR>Type: assault<BR>Story: &lt;p style=&quot;text-align: justify&qu<BR>Location: 50.8401177<BR>Longitude: 4.3558402<BR>Marker: grn_blank"
"4.391047000000001","50.8410769","http://brussels.ihollaback.org/2012/07/31/julie-ik-ben-al-slachtoffer-van-seksuele-intimidatie-sinds-ik-zon-jaar-of-12-was-ik-ben-er-nu-32/","ID: 7086<BR>Last.Updated: 7/31/2012 16:11:10<BR>Title: Julie: “…ik ben al slachtoffer van seksuele intimidatie (…) sinds ik zo’n jaar of 12 was, ik ben er nu 32.”<BR>Type: stalking<BR>Story: &lt;p style=&quot;text-align: justify&qu<BR>Location: 50.8410769<BR>Longitude: 4.391047<BR>Marker: pink_blank"
"4.3366497","50.8162434","http://brussels.ihollaback.org/2012/08/01/histoire-alice-forest-2/","ID: 7110<BR>Last.Updated: 8/1/2012 17:00:11<BR>Title: Alice: “Il(…)m’attire de force vers lui et me dit “toi ma petite, tu vas te faire violer”.<BR>Type: assault<BR>Story: &lt;p style=&quot;text-align: justify&qu<BR>Location: 50.8162434<BR>Longitude: 4.3366497<BR>Marker: pink_blank"
"4.2838437","50.8678747","http://brussels.ihollaback.org/2012/07/26/verhaal-lola-hunderenveld-en-beurs-2/","ID: 7038<BR>Last.Updated: 7/26/2012 19:45:31<BR>Title: Lola: “Dat is het moment waarop je je als vrouw al ongemakkelijk gaat voelen, je hart begint te bonken, en je twijfelt wat je zal doen.”<BR>Type: stalking,verbal<BR>Story: &lt;p style=&quot;text-align: justify&qu<BR>Location: 50.8678747<BR>Longitude: 4.2838437<BR>Marker: pink_blank"
"4.308187","50.8365808","http://brussels.ihollaback.org/2012/07/27/lieveranoniem-de-mensen-hebben-me-mee-binnen-genomen-en-pas-toen-ik-mijn-jas-uitdeed-zag-ik-dat-ik-vol-bloed-hing/","ID: 7056<BR>Last.Updated: 7/27/2012 15:45:42<BR>Title: Lieveranoniem: “De mensen hebben me mee binnen genomen en pas toen ik mijn jas uitdeed zag ik dat ik vol bloed hing..”<BR>Type: assault,groping,verbal,other<BR>Story: &lt;p style=&quot;text-align: justify&qu<BR>Location: 50.8365808<BR>Longitude: 4.308187<BR>Marker: pink_blank"
"4.377659","50.870525","http://brussels.ihollaback.org/2012/07/29/nowayjose-te-horen-of-je-hem-een-pijpje-wil-zetten-wat-denk-je-dan/","ID: 7068<BR>Last.Updated: 7/29/2012 19:00:17<BR>Title: NoWayJose: “… horen of je hem een pijpje wil zetten, wat denk je dan?”<BR>Type: verbal<BR>Story: &lt;p style=&quot;text-align: justify&qu<BR>Location: 50.870525<BR>Longitude: 4.377659<BR>Marker: pink_blank"
"4.337521","50.836712","http://brussels.ihollaback.org/2012/07/27/histoire-anonyme-gare-du-midi-2/","ID: 7050<BR>Last.Updated: 7/27/2012 12:10:52<BR>Title: Anonyme: “Voyant mon refus, il se met à m’insulter et à me faire des doigts d’honneur…”<BR>Type: verbal,other<BR>Story: &lt;p style=&quot;text-align: justify&qu<BR>Location: 50.836712<BR>Longitude: 4.337521<BR>Marker: pink_blank"
"4.3402184","50.8301436","http://brussels.ihollaback.org/2012/08/01/histoire-annick-2/","ID: 7096<BR>Last.Updated: 8/1/2012 9:13:41<BR>Title: Annick: “J’ai 57 ans et je me fais traiter de femme ‘cougar’”<BR>Type: assault,verbal<BR>Story: &lt;p style=&quot;text-align: justify&qu<BR>Location: 50.8301436<BR>Longitude: 4.3402184<BR>Marker: pink_blank"
"4.3430134","50.8457029","http://brussels.ihollaback.org/2012/08/03/histoire-alice-anneessens-2/","ID: 7144<BR>Last.Updated: 8/4/2012 14:21:49<BR>Title: Alice: “Le type me dit ‘ben monte, si t’es pas pressée, on y prend une chambre, vite fait’”<BR>Type: racist,stalking,verbal<BR>Story: &lt;p style=&quot;text-align: justify&qu<BR>Location: 50.8457029<BR>Longitude: 4.3430134<BR>Marker: pink_blank"
"4.3517103","50.8503396","http://france.ihollaback.org/2012/08/06/chloe-quelle-tactique-pour-eviter-quil-arrive-devant-chez-moi/","ID: 7180<BR>Last.Updated: 8/6/2012 16:14:56<BR>Title: Chloé : “Je réflechissais à quelle tactique adopter pour éviter qu’il arrive devant chez moi”<BR>Type: assault,stalking,verbal<BR>Story: J&apos;ai 23 ans, je rentre d&apos;une s<BR>Location: 50.8503396<BR>Longitude: 4.3517103<BR>Marker: pink_blank"
"4.3628935","50.84791","http://brussels.ihollaback.org/2012/08/04/verhaal-iris-koningsstraat-2/","ID: 7150<BR>Last.Updated: 8/5/2012 3:40:06<BR>Title: Iris: “Na alle ‘huwelijksaanzoeken’ en ‘nafluitingen’, vond ik dit toch het meest vernederende dat ik moest meemaken.”<BR>Type: racist,verbal<BR>Story: &lt;p style=&quot;text-align: justify&qu<BR>Location: 50.84791<BR>Longitude: 4.3628935<BR>Marker: pink_blank"
"4.35","50.85","http://brussels.ihollaback.org/2012/08/04/jean-louis-bassette-2/","ID: 7165<BR>Last.Updated: 8/6/2012 4:01:07<BR>Title: Jean-Louis: “Voila le genre de scènes dont je suis témoin régulièrement.”<BR>Type: assault,homophobic,stalking,verbal,other<BR>Story: &lt;p style=&quot;text-align: justify&qu<BR>Location: 50.85<BR>Longitude: 4.35<BR>Marker: grn_blank"
"4.3494293","50.84815410000001","http://brussels.ihollaback.org/2012/08/07/histoire-stephanie-anspach-2/","ID: 7172<BR>Last.Updated: 8/7/2012 10:01:04<BR>Title: Stéphanie: “J’avais les jambes en coton et le coeur qui battait fort.”<BR>Type: verbal<BR>Story: &lt;p style=&quot;text-align: justify&qu<BR>Location: 50.8481541<BR>Longitude: 4.3494293<BR>Marker: pink_blank"
"4.3513007","50.83788990000001","http://france.ihollaback.org/2012/08/07/diodato-en-en-parlant-autour-de-moi/","ID: 7228<BR>Last.Updated: 8/9/2012 16:33:08<BR>Title: Diodato : “En en parlant autour de moi, je me suis rendu compte à quel point le harcèlement était présent”<BR>Type: assault,groping,stalking,verbal<BR>Story: Bonjour,<BR><BR>Ce ne sont pas mes histoires,<BR>Location: 50.8378899<BR>Longitude: 4.3513007<BR>Marker: grn_blank"
"4.3517103","50.8503396","http://brussels.ihollaback.org/2012/08/11/histoire-audrey-bx-2/","ID: 7201<BR>Last.Updated: 8/11/2012 4:30:03<BR>Title: Audrey: “…je me suis juré de ne plus jamais faire comme si de rien n’était…”<BR>Type: assault,homophobic,verbal<BR>Story: &lt;p style=&quot;text-align: justify&qu<BR>Location: 50.8503396<BR>Longitude: 4.3517103<BR>Marker: pink_blank"
"4.3912912","50.8223637","http://brussels.ihollaback.org/2012/08/11/story-deborah-tram-petillon-vub-2/","ID: 7277<BR>Last.Updated: 8/11/2012 15:31:50<BR>Title: Deborah: “I’m starting to feel uncomfortable and take another step aside. He follows.”<BR>Type: groping<BR>Story: &lt;p style=&quot;text-align: justify&qu<BR>Location: 50.8223637<BR>Longitude: 4.3912912<BR>Marker: pink_blank"
"4.3517103","50.8503396","http://brussels.ihollaback.org/2012/08/14/verhaal-een-vrouw-vschlde-plaatsen-in-eu-en-vs-2/","ID: 7290<BR>Last.Updated: 8/14/2012 5:22:37<BR>Title: Een vrouw: “Waarom? Heb ik er ooit om gevraagd? NEEN! Als kind niet, als jong meisje niet en als vrouw niet!”<BR>Type: assault,groping,racist,verbal,other<BR>Story: &lt;p style=&quot;text-align: justify&qu<BR>Location: 50.8503396<BR>Longitude: 4.3517103<BR>Marker: pink_blank"
"4.3443324","50.863321","http://brussels.ihollaback.org/2012/08/24/story-kay-rue-le-lorrain-2/","ID: 7353<BR>Last.Updated: 8/24/2012 3:44:43<BR>Title: Kay: “… The police told us to enter home and stay there. I got locked in my house, while my harassers are free in the street.”<BR>Type: stalking,verbal<BR>Story: &lt;p style=&quot;text-align: justify&qu<BR>Location: 50.863321<BR>Longitude: 4.3443324<BR>Marker: pink_blank"
"4.4479825","50.8219367","http://brussels.ihollaback.org/2012/09/04/story-nadja-avenue-tervueren-2/","ID: 7467<BR>Last.Updated: 9/4/2012 12:36:05<BR>Title: Nadja: “I would be very interested in knowing whether he does this to other women, and if yes, if something can’t be done to stop him.”<BR>Type: groping<BR>Story: &lt;p style=&quot;text-align: justify&qu<BR>Location: 50.8219367<BR>Longitude: 4.4479825<BR>Marker: pink_blank"
"4.3517103","50.8503396","http://brussels.ihollaback.org/2012/08/18/verhaal-lena-brussel/","ID: 7179<BR>Last.Updated: 9/20/2012 4:47:29<BR>Title: Lena: “heb mij naar mijn kot gehaast, mijn gezicht gewassen en de hele avond met een vriendin zitten huilen..”<BR>Type: assault,groping<BR>Story: &lt;p style=&quot;text-align: justify&qu<BR>Location: 50.8503396<BR>Longitude: 4.3517103<BR>Marker: pink_blank"
"4.4046581","50.8219064","http://brussels.ihollaback.org/2012/09/20/histoire-sandra-metro-hankar-ch-de-wavre-2/","ID: 7738<BR>Last.Updated: 9/21/2012 6:36:12<BR>Title: Sandra: “Et évidemment là, personne n’est intervenu, malgré d’un enfant en bas-âge (2 ans), pas de policier en vue pour porter plainte.”<BR>Type: assault,verbal<BR>Story: &lt;p style=&quot;text-align: justify&qu<BR>Location: 50.8219064<BR>Longitude: 4.4046581<BR>Marker: pink_blank"
"4.3193694","50.8569755","http://brussels.ihollaback.org/2012/09/21/story-anonymous-weststation-2/","ID: 7754<BR>Last.Updated: 9/23/2012 13:54:16<BR>Title: Anonymous: “They surrounded me and said in a threatening voice: ‘You know it’s not a good idea to walk alone here as a girl’”<BR>Type: racist,stalking,verbal<BR>Story: &lt;p style=&quot;text-align: justify&qu<BR>Location: 50.8569755<BR>Longitude: 4.3193694<BR>Marker: pink_blank"
"4.3193694","50.8569755","http://brussels.ihollaback.org/2012/09/24/histoire-joanna-molenbeek-2/","ID: 7759<BR>Last.Updated: 9/25/2012 4:53:02<BR>Title: Joanna: “Que lit-on ici, les femmes qui essaient de se défendre la plupart du temps se font menacer de représailles. Je ne veux pas vivre dans une société qui permet ça !”<BR>Type: assault,verbal,other<BR>Story: &lt;p style=&quot;text-align: justify&qu<BR>Location: 50.8569755<BR>Longitude: 4.3193694<BR>Marker: pink_blank"
"4.3635087","50.8442584","http://brussels.ihollaback.org/2012/10/01/story-ivana-rue-ducale-2/","ID: 7866<BR>Last.Updated: 10/1/2012 7:48:49<BR>Title: Ivana: “Apparently for these men all is allowed, we are not human beings, just objects.”<BR>Type: assault,verbal<BR>Story: &lt;p style=&quot;text-align: justify&qu<BR>Location: 50.8442584<BR>Longitude: 4.3635087<BR>Marker: pink_blank"
"4.3519253","50.850222","http://brussels.ihollaback.org/2012/10/23/story-claire-rue-de-l-eveque-2/","ID: 8219<BR>Last.Updated: 10/23/2012 6:23:54<BR>Title: Claire: “I am so angry that women and girls suffer this in their daily lives.”<BR>Type: assault<BR>Story: &lt;p style=&quot;text-align: justify&qu<BR>Location: 50.850222<BR>Longitude: 4.3519253<BR>Marker: pink_blank"
"4.3484008","50.848614600000005","http://brussels.ihollaback.org/2012/11/10/verhaal-eglantine-beursschouwburg-2/","ID: 8390<BR>Last.Updated: 11/11/2012 17:57:34<BR>Title: Eglantine: “We wilden niet bezwijken onder zijn pesterijen.” (Deel 1)<BR>Type: verbal<BR>Story: &lt;p style=&quot;text-align: justify&qu<BR>Location: 50.8486146<BR>Longitude: 4.3484008<BR>Marker: pink_blank"
"4.35703","50.84695","http://brussels.ihollaback.org/2012/11/10/verhaal-eglantine-centraal-station-2/","ID: 8392<BR>Last.Updated: 11/11/2012 18:07:19<BR>Title: Eglantine: “..maar een zestal uur in Brussel en toch werd ik vier keer door vier verschillende mannen en op vier verschillende manieren lastig gevallen.” (Deel 2)<BR>Type: verbal<BR>Story: &lt;p style=&quot;text-align: justify&qu<BR>Location: 50.84695<BR>Longitude: 4.35703<BR>Marker: pink_blank"
"4.3517103","50.8503396","http://brussels.ihollaback.org/2012/11/21/emily-i-had-allowed-complete-strangers-to-take-away-my-confidence-my-power/","ID: 8508<BR>Last.Updated: 11/21/2012 10:30:54<BR>Title: Emily: “I had allowed complete strangers to take away my confidence, my power.”<BR>Type: stalking,verbal,other<BR>Story: &lt;p style=&quot;text-align: justify&qu<BR>Location: 50.8503396<BR>Longitude: 4.3517103<BR>Marker: pink_blank"
"4.362363","50.846685","http://brussels.ihollaback.org/2012/11/21/story-coralie-parc-brouckere-metro-2/","ID: 8524<BR>Last.Updated: 11/22/2012 10:12:59<BR>Title: Coralie: “How is it that the society gives me the message “you’re wearing a mid thigh dress, you’re asking for it”.”<BR>Type: verbal<BR>Story: &lt;p style=&quot;text-align: justify&qu<BR>Location: 50.846685<BR>Longitude: 4.362363<BR>Marker: pink_blank"
"4.3481228","50.8512194","http://brussels.ihollaback.org/2012/11/22/couleurcafefan-this-is-a-public-space-and-not-his-private-area/","ID: 8534<BR>Last.Updated: 11/25/2012 8:38:37<BR>Title: CouleurCafeFan: “…this is a public space and not his private area.”<BR>Type: verbal<BR>Story: &lt;p style=&quot;text-align: justify&qu<BR>Location: 50.8512194<BR>Longitude: 4.3481228<BR>Marker: pink_blank"
"4.352756","50.846496","http://brussels.ihollaback.org/2012/11/23/verhaal-hilde-grote-markt/","ID: 8537<BR>Last.Updated: 11/25/2012 8:59:44<BR>Title: Hilde: “… gelukkig had ik een dikke jas aan.”<BR>Type: other<BR>Story: &lt;p style=&quot;text-align: justify&qu<BR>Location: 50.846496<BR>Longitude: 4.352756<BR>Marker: pink_blank"
"4.3225202","50.8620518","http://brussels.ihollaback.org/2013/01/03/verhaal-virgi-vrijheidslaan-2/","ID: 8998<BR>Last.Updated: 1/3/2013 14:22:52<BR>Title: Virgi: “Ik draai me om en roep of hij dit normaal vindt.”<BR>Type: groping<BR>Story: &lt;p style=&quot;text-align: justify&qu<BR>Location: 50.8620518<BR>Longitude: 4.3225202<BR>Marker: pink_blank"
"4.3517103","50.8503396","http://brussels.ihollaback.org/2013/02/25/histoire-quentin-team-member-2/","ID: 9424<BR>Last.Updated: 2/25/2013 8:25:37<BR>Title: Quentin: “je sais que mon action seule n’éteindra pas l’incendie, mais au moins, je fais ma part..”<BR>Type: homophobic,verbal,other<BR>Story: &lt;p style=&quot;text-align: justify&qu<BR>Location: 50.8503396<BR>Longitude: 4.3517103<BR>Marker: grn_blank"
"4.3415158","50.8430167","http://brussels.ihollaback.org/2013/03/24/verhaal-lisa-voldersstraat-2-2/","ID: 9669<BR>Last.Updated: 3/24/2013 9:29:44<BR>Title: Lisa: “Dit moet stoppen!”<BR>Type: assault,groping,verbal<BR>Story: &lt;div style=&quot;text-align: justify&<BR>Location: 50.8430167<BR>Longitude: 4.3415158<BR>Marker: pink_blank"
"4.3566601","50.8362692","http://brussels.ihollaback.org/2013/03/27/histoire-cassia-kotsulb-avenue-toison-dor-2/","ID: 9708<BR>Last.Updated: 3/27/2013 19:12:42<BR>Title: Cassia: “Je me suis réfugiée dans ma chambre et là, il a commencé à littéralement se jeter et se frotter contre la porte.”<BR>Type: groping,verbal,other<BR>Story: &lt;p style=&quot;text-align: justify&qu<BR>Location: 50.8362692<BR>Longitude: 4.3566601<BR>Marker: pink_blank"
"4.369627","50.815223","http://brussels.ihollaback.org/2013/03/27/histoire-cassia-tram94-bus71-cimetieredixelles-avenuelegrand-2/","ID: 9709<BR>Last.Updated: 3/27/2013 19:15:03<BR>Title: Cassia: “il avait verrouillé la porte et menaçait de m’emmener “en balade” comme il avait fini son service..”<BR>Type: assault,groping,verbal,other<BR>Story: &lt;p style=&quot;text-align: justify&qu<BR>Location: 50.815223<BR>Longitude: 4.369627<BR>Marker: pink_blank"
"4.3517103","50.8503396","http://brussels.ihollaback.org/2013/04/05/sharethestreets-angelika-and-helper-2/","ID: 9815<BR>Last.Updated: 4/8/2013 6:53:11<BR>Title: #ShareTheStreets. Angelika & her friendly helper.<BR>Type: other<BR>Story: &lt;p style=&quot;text-align: justify&qu<BR>Location: 50.8503396<BR>Longitude: 4.3517103<BR>Marker: grn_blank"
"4.3517103","50.8503396","http://brussels.ihollaback.org/2013/04/08/story-ellen-brussels-antwerp-2/","ID: 9847<BR>Last.Updated: 4/8/2013 10:58:31<BR>Title: Ellen: “He threatened to beat the living daylights out of me to teach me a lesson..”<BR>Type: assault,groping,stalking,verbal<BR>Story: &lt;p style=&quot;text-align: justify&qu<BR>Location: 50.8503396<BR>Longitude: 4.3517103<BR>Marker: pink_blank"
"4.3495311","50.8481875","http://brussels.ihollaback.org/2013/04/10/sharethestreets-ingrid-verhaal-2/","ID: 9905<BR>Last.Updated: 4/10/2013 12:02:47<BR>Title: #ShareTheStreets. Ingrid: “ingrijpen, reageren, NU, was wat mijn instinct me zei..”<BR>Type: groping,verbal<BR>Story: &lt;p style=&quot;text-align: justify&qu<BR>Location: 50.8481875<BR>Longitude: 4.3495311<BR>Marker: grn_blank"
"4.3517103","50.8503396","http://brussels.ihollaback.org/2013/04/05/sharethestreets-angelika-bystander-2/","ID: 9814<BR>Last.Updated: 4/11/2013 19:26:54<BR>Title: #ShareTheStreets. Angelika stares back.<BR>Type: other<BR>Story: &lt;p style=&quot;text-align: justify&qu<BR>Location: 50.8503396<BR>Longitude: 4.3517103<BR>Marker: grn_blank"
"4.3333333","50.8","http://brussels.ihollaback.org/2013/05/13/story-runner-uccle-2/","ID: 10130<BR>Last.Updated: 5/14/2013 3:50:23<BR>Title: Runner: “Thank you”<BR>Type: assault,groping<BR>Story: &lt;p style=&quot;text-align: justify&qu<BR>Location: 50.8<BR>Longitude: 4.3333333<BR>Marker: pink_blank"
"4.434011","50.8314955","http://brussels.ihollaback.org/2013/05/14/bystander-story-sam-tram-92-2/","ID: 10142<BR>Last.Updated: 5/15/2013 9:32:21<BR>Title: Sam: “Je lui ai dit d’arrêter…”<BR>Type: other<BR>Story: &lt;p style=&quot;text-align: justify&qu<BR>Location: 50.8314955<BR>Longitude: 4.434011<BR>Marker: grn_blank"
"4.3470318","50.8478516","http://brussels.ihollaback.org/2013/05/20/story-nina-cityclub-brussels/","ID: 10178<BR>Last.Updated: 5/20/2013 5:34:44<BR>Title: Nina: “some men immediately came on to us, try to dance with us…touched us, secretly took pictures of us”<BR>Type: verbal,other<BR>Story: &lt;p style=&quot;text-align: justify&qu<BR>Location: 50.8478516<BR>Longitude: 4.3470318<BR>Marker: pink_blank"
"4.3446848","50.8447815","http://brussels.ihollaback.org/2013/05/22/story-corrinne-rue-des-vierges-2/","ID: 10209<BR>Last.Updated: 5/23/2013 4:18:55<BR>Title: Corrinne: “Ik wandelde weg, voelde me vernederd en bleef mezelf afvragen WAAROM?”<BR>Type: verbal<BR>Story: &lt;p style=&quot;text-align: justify&qu<BR>Location: 50.8447815<BR>Longitude: 4.3446848<BR>Marker: pink_blank"
"4.340613","50.84021","http://brussels.ihollaback.org/2013/06/06/story-mary-bystander-lemonnier-2/","ID: 10389<BR>Last.Updated: 6/6/2013 17:18:54<BR>Title: Mary: “I got her back. She got mine.”<BR>Type: stalking<BR>Story: &lt;p style=&quot;text-align: justify&qu<BR>Location: 50.84021<BR>Longitude: 4.340613<BR>Marker: grn_blank"
"4.3517103","50.8503396","http://brussels.ihollaback.org/2013/06/24/story-anonymous-allee-des-myrtilles-2/","ID: 10700<BR>Last.Updated: 6/24/2013 10:16:35<BR>Title: Anonymous: “I got more and more suspicious as he always stayed behind me..”<BR>Type: other<BR>Story: &lt;p style=&quot;text-align: justify&qu<BR>Location: 50.8503396<BR>Longitude: 4.3517103<BR>Marker: pink_blank"
"4.3383381000000005","50.8230491","http://brussels.ihollaback.org/2013/06/24/story-kosier-parc-de-forest-upperpart-beside-the-shed-2/","ID: 10704<BR>Last.Updated: 6/24/2013 12:31:26<BR>Title: Kosier: “They wanted to teach me a lesson, about my place, about my powerlessness, about my pussy.”<BR>Type: verbal<BR>Story: &lt;p style=&quot;text-align: justify&qu<BR>Location: 50.8230491<BR>Longitude: 4.3383381<BR>Marker: pink_blank"
"4.3713036","50.8094404","http://brussels.ihollaback.org/2013/07/08/histoire-marine-avenue-de-diane-2/","ID: 10867<BR>Last.Updated: 7/8/2013 15:45:43<BR>Title: Marine: “j’ai crié de douleur et de colère..”<BR>Type: assault,groping<BR>Story: &lt;p style=&quot;text-align: justify&qu<BR>Location: 50.8094404<BR>Longitude: 4.3713036<BR>Marker: pink_blank"
"4.3403259","50.8476279","http://brussels.ihollaback.org/2013/07/24/histoire-cleo-rue-de-la-senne-2/","ID: 11062<BR>Last.Updated: 7/24/2013 12:20:05<BR>Title: Cléo: “Il me bloque, se rapproche de moi, m’arrache ma clope des mains, et me bouscule.”<BR>Type: assault,racist,verbal<BR>Story: &lt;p style=&quot;text-align: justify&qu<BR>Location: 50.8476279<BR>Longitude: 4.3403259<BR>Marker: pink_blank"
"4.3575016","50.8441291","http://brussels.ihollaback.org/2013/07/22/story-from-jo-mont-des-arts-2/","ID: 11040<BR>Last.Updated: 7/22/2013 11:17:36<BR>Title: Jo: “He repeats that he was not threatening us- it is as if HE feels offended by my actions!”<BR>Type: verbal<BR>Story: &lt;p style=&quot;text-align: justify&qu<BR>Location: 50.8441291<BR>Longitude: 4.3575016<BR>Marker: pink_blank"
"4.324452","50.844978","http://brussels.ihollaback.org/2013/08/02/verhaal-van-julie-metro-delacroix-2/","ID: 11189<BR>Last.Updated: 8/2/2013 4:53:43<BR>Title: Julie: “.. mijn zoontje vroeg zich luidop af “waarom die meneer zo raar deed”\"",""<BR>Type: other<BR>Story:<BR>Location: 50.844978<BR>Longitude: 4.324452<BR>Marker: pink_blank"
"4.3517103","50.8503396","http://brussels.ihollaback.org/2013/08/08/story-pallas-brussels-2/","ID: 11237<BR>Last.Updated: 8/8/2013 12:37:06<BR>Title: Pallas: “..they threatened to rape us and then loitered outside of the bar..”<BR>Type: groping,stalking,verbal,other<BR>Story: &lt;p style=&quot;text-align: justify&qu<BR>Location: 50.8503396<BR>Longitude: 4.3517103<BR>Marker: pink_blank"
"4.340613","50.84021","http://brussels.ihollaback.org/2013/08/09/histoire-flo-lemonnier-2/","ID: 11266<BR>Last.Updated: 8/13/2013 16:10:03<BR>Title: Flo: “J’étais jeune et assez innocente par rapport à ce problème. J’ai vite appris…”<BR>Type: assault,groping,racist,stalking,verbal<BR>Story: &lt;p style=&quot;text-align: justify&qu<BR>Location: 50.84021<BR>Longitude: 4.340613<BR>Marker: pink_blank"
"4.4095963","50.8257395","http://brussels.ihollaback.org/2013/08/09/verhaal-marjolein-mimosalaan-sint-pieters-woluwe-2/","ID: 11263<BR>Last.Updated: 8/17/2013 3:51:57<BR>Title: Marjolein: “Ik schrik van dit soort dingen: waar is hij naar op zoek? Naar een willig slachtoffer?”<BR>Type: stalking,verbal,other<BR>Story: &lt;p style=&quot;text-align: justify&qu<BR>Location: 50.8257395<BR>Longitude: 4.4095963<BR>Marker: pink_blank"
"4.3314322","50.857911","http://brussels.ihollaback.org/2013/09/02/histoire-lena-rue-schmitz-koekelberg-2/","ID: 11577<BR>Last.Updated: 9/2/2013 15:56:38<BR>Title: Lena: “J’ai réagi à chaque personne, j’ai dis qu’ils devaient me laisser tranquille..”<BR>Type: assault,verbal<BR>Story: &lt;p style=&quot;text-align: justify&qu<BR>Location: 50.857911<BR>Longitude: 4.3314322<BR>Marker: pink_blank"
"4.3619619","50.8383254","http://brussels.ihollaback.org/2013/08/26/verhaal-anoniem-elsensesteenweg-2/","ID: 11467<BR>Last.Updated: 8/27/2013 3:16:11<BR>Title: Anoniem: “Ik liep door en probeerde hem te negeren, maar hij bleef naast ons lopen en doorpraten.”<BR>Type: verbal<BR>Story: &lt;p style=&quot;text-align: justify&qu<BR>Location: 50.8383254<BR>Longitude: 4.3619619<BR>Marker: pink_blank"
"4.3517103","50.8503396","http://france.ihollaback.org/2013/11/15/cew-il-y-aura-peut-etre-encore-un-imbecile-qui-simposera-comme-accompagnateur/","ID: 12174<BR>Last.Updated: 11/18/2013 16:21:20<BR>Title: Cew : “Il y aura peut-être encore un imbécile qui s’imposera comme accompagnateur”<BR>Type: assault,stalking,verbal,other<BR>Story: Je sais que, par rapport à beaucoup, les<BR>Location: 50.8503396<BR>Longitude: 4.3517103<BR>Marker: pink_blank"
"4.3518157","50.846975","http://brussels.ihollaback.org/2013/12/18/story-from-jonatas-baptista-grand-place-2/","ID: 12462<BR>Last.Updated: 12/19/2013 6:03:06<BR>Title: Jonatas Baptista: “the police literally replied with these words: “if you don’t shut up I’ll be the next to punch your face”.”<BR>Type: homophobic,verbal,other<BR>Story: &lt;p style=&quot;text-align: justify&qu<BR>Location: 50.846975<BR>Longitude: 4.3518157<BR>Marker: pink_blank"
"4.3517103","50.8503396","http://france.ihollaback.org/2014/01/01/kael-je-voudrais-surtout-partager-une-technique-qui-ma-ete-tres-utile/","ID: 12654<BR>Last.Updated: 1/2/2014 9:54:35<BR>Title: Kael : “Je voudrais surtout partager une technique qui m’a été très utile”<BR>Type: other<BR>Story: Bonjour. J&apos;ai également connu une a<BR>Location: 50.8503396<BR>Longitude: 4.3517103<BR>Marker: pink_blank"
"4.3465696","50.84315360000001","http://brussels.ihollaback.org/2014/02/06/story-aagje-rue-du-midi-coffee-world-2/","ID: 13073<BR>Last.Updated: 2/6/2014 7:41:15<BR>Title: Aagje: “Ga niet naar Coffee World, het is een gevaarlijke plek”<BR>Type: assault,groping,stalking,verbal<BR>Story: &lt;p style=&quot;text-align: justify&qu<BR>Location: 50.8431536<BR>Longitude: 4.3465696<BR>Marker: pink_blank"
"4.3561354","50.8528958","http://brussels.ihollaback.org/2014/02/19/histoire-marine-summerfestival-rue-neuve-2/","ID: 13168<BR>Last.Updated: 3/2/2014 8:06:34<BR>Title: Marine: “Il y avait minimum 30 personnes dans la rue, même des familles avec des enfants.”<BR>Type: assault,groping,stalking,verbal<BR>Story: &lt;p style=&quot;text-align: justify&qu<BR>Location: 50.8528958<BR>Longitude: 4.3561354<BR>Marker: pink_blank"
"4.3452086","50.8305157","http://brussels.ihollaback.org/2014/03/07/histoire-chahut-parvis-de-st-gilles-2/","ID: 13297<BR>Last.Updated: 3/10/2014 18:36:57<BR>Title: Chahut: “L’humiliation et les abus sont le pain quotidien des femmes. Jamais je ne le tolérerais.”<BR>Type: verbal<BR>Story: &lt;p style=&quot;text-align: justify&qu<BR>Location: 50.8305157<BR>Longitude: 4.3452086<BR>Marker: pink_blank"
"4.345907","50.84462500000001","http://brussels.ihollaback.org/2014/03/09/histoire-ese-anneessens-2/","ID: 13321<BR>Last.Updated: 3/10/2014 18:46:10<BR>Title: ESe: ” I failed my school year, I left Brussels for good and moved to another city.”<BR>Type: assault,groping,stalking,verbal<BR>Story: &lt;p id=&quot;stcpDiv&quot; style=&quot<BR>Location: 50.844625<BR>Longitude: 4.345907<BR>Marker: pink_blank"
"4.3558669","50.8471329","http://brussels.ihollaback.org/2014/03/14/verhaal-bonnie-bergstraat-2/","ID: 13402<BR>Last.Updated: 3/14/2014 8:38:48<BR>Title: Bonnie: “‘denk niet steeds het ergste’… En dan gebeurt het ergste..”<BR>Type: stalking,verbal,other<BR>Story: &lt;p style=&quot;text-align: justify&qu<BR>Location: 50.8471329<BR>Longitude: 4.3558669<BR>Marker: pink_blank"
"4.3772981","50.8674164","http://brussels.ihollaback.org/2014/03/16/histoire-victoria-schaerbeek-2/","ID: 13441<BR>Last.Updated: 3/17/2014 7:15:56<BR>Title: Victoria: “J’ai peur pour l’avenir de ces enfants”<BR>Type: verbal<BR>Story: &lt;p style=&quot;text-align: justify&qu<BR>Location: 50.8674164<BR>Longitude: 4.3772981<BR>Marker: pink_blank"
"4.3517103","50.8503396","http://france.ihollaback.org/2014/03/16/camille-et-alors-que-la-foule-etait-a-larret-jai-senti-une-main-sur-mes-fesses/","ID: 13435<BR>Last.Updated: 3/17/2014 14:31:26<BR>Title: Camille : “Et alors que la foule était à l’arrêt, j’ai senti une main sur mes fesses.”<BR>Type: groping<BR>Story: La nuit du nouvel an de 2010 à 2011, j&a<BR>Location: 50.8503396<BR>Longitude: 4.3517103<BR>Marker: pink_blank"
"4.3648775","50.8386958","http://france.ihollaback.org/2014/04/02/fannette-je-ne-peux-plus-rester-silencieuse-meme-si-ca-mapporte-des-ennuis-cest-trop-humiliant/","ID: 13613<BR>Last.Updated: 4/2/2014 14:36:52<BR>Title: Fannette : “Je ne peux plus rester silencieuse même si ça m’apporte des ennuis, c’est trop humiliant”<BR>Type: verbal<BR>Story: Je marche dans la rue de mon travail à B<BR>Location: 50.8386958<BR>Longitude: 4.3648775<BR>Marker: pink_blank"
"4.369179","50.84967","http://brussels.ihollaback.org/2014/04/05/histoire-louise-metro-madou-2/","ID: 13670<BR>Last.Updated: 4/5/2014 8:44:30<BR>Title: Louise: “ce que j’ai vécu me désole, me heurte, me met en colère”<BR>Type: assault,verbal<BR>Story: &lt;p style=&quot;text-align: justify&qu<BR>Location: 50.84967<BR>Longitude: 4.369179<BR>Marker: pink_blank"
"4.290451","50.816221","http://brussels.ihollaback.org/2014/04/14/histoire-mahnoor-metro-ceria-bxl-2/","ID: 13813<BR>Last.Updated: 4/14/2014 18:15:17<BR>Title: Mahnoor: “Ma fierté s’est évanouie à ce moment-là”<BR>Type: assault,verbal<BR>Story: &lt;p style=&quot;text-align: justify&qu<BR>Location: 50.816221<BR>Longitude: 4.290451<BR>Marker: pink_blank"
"4.35","50.85","http://brussels.ihollaback.org/2014/04/25/histoire-deborah-bxl-2/","ID: 13967<BR>Last.Updated: 4/26/2014 8:36:50<BR>Title: Deborah: “Je lui demande gentiment de m’accompagner au commissariat pour se faire reconnaître comme l’auteur d’harcèlement sexuel ?”<BR>Type: groping<BR>Story: &lt;p style=&quot;text-align: justify&qu<BR>Location: 50.85<BR>Longitude: 4.35<BR>Marker: pink_blank"
"4.358763","50.8277516","http://brussels.ihollaback.org/2014/05/02/story-rebeca-rue-defacqz-43-ixelles-2/","ID: 14028<BR>Last.Updated: 5/3/2014 5:40:18<BR>Title: Rebeca: “The car had a diplomatic plate CD”<BR>Type: stalking,verbal<BR>Story: I was walking back home with a friend at<BR>Location: 50.8277516<BR>Longitude: 4.358763<BR>Marker: pink_blank"
"4.3953573","50.8444018","http://brussels.ihollaback.org/2014/05/15/histoire-kay-rue-du-noyer-269-bxl-2/","ID: 14095<BR>Last.Updated: 5/17/2014 7:48:28<BR>Title: Kay: “il s’est tourné vers moi, il avait son pantalon baissé”<BR>Type: assault<BR>Story: &lt;p style=&quot;text-align: justify&qu<BR>Location: 50.8444018<BR>Longitude: 4.3953573<BR>Marker: pink_blank"
"4.3563631","50.8752257","http://brussels.ihollaback.org/2014/05/19/histoire-louise-bus-71-bxl-2/","ID: 14136<BR>Last.Updated: 5/20/2014 7:50:14<BR>Title: Louise: “Je recule et il continue de se coller à ma jambe”<BR>Type: groping<BR>Story: &lt;div id=&quot;stcpDiv&quot;&gt;Je ren<BR>Location: 50.8752257<BR>Longitude: 4.3563631<BR>Marker: pink_blank"
"4.3545087","50.8771683","http://france.ihollaback.org/2014/06/03/lola-ces-hommes-ne-sont-pas-conscients-quils-nous-font-peur/","ID: 14377<BR>Last.Updated: 6/3/2014 15:32:28<BR>Title: Lola : “Ces hommes ne sont pas conscients qu’ils nous font peur”<BR>Type: assault,stalking,verbal<BR>Story: C&apos;est après avoir passé quelques he<BR>Location: 50.8771683<BR>Longitude: 4.3545087<BR>Marker: pink_blank"
"4.3734823","50.8307348","http://brussels.ihollaback.org/2014/06/10/hostoire-marie-rue-malibran-bxl-2/","ID: 14503<BR>Last.Updated: 6/10/2014 16:57:42<BR>Title: Marie: “les siècles de soumission de la femme à la sexualité masculine ne sont pas encore révolus..”<BR>Type: assault<BR>Story: &lt;p style=&quot;text-align: justify&qu<BR>Location: 50.8307348<BR>Longitude: 4.3734823<BR>Marker: pink_blank"
"4.30055","50.829388","http://brussels.ihollaback.org/2014/07/11/histoire-marie-veeweide-anderlecht-2/","ID: 14899<BR>Last.Updated: 7/11/2014 15:55:48<BR>Title: Marie: “It’s only later, while alone, when questions arise, that the fear is settling in”<BR>Type: assault,groping<BR>Story: &lt;p id=&quot;stcpDiv&quot; style=&quot<BR>Location: 50.829388<BR>Longitude: 4.30055<BR>Marker: pink_blank"
"4.3649664","50.8697251","http://brussels.ihollaback.org/2014/08/21/histoire-aurelie-rue-du-progres-bxl-2/","ID: 16048<BR>Last.Updated: 8/21/2014 9:13:35<BR>Title: Aurélie: “Il continue à m’agresser et je relance la menace de l’appel à la police”<BR>Type: assault,groping,verbal<BR>Story: &lt;p style=&quot;text-align: justify&qu<BR>Location: 50.8697251<BR>Longitude: 4.3649664<BR>Marker: pink_blank"
"4.361454","50.860239","http://brussels.ihollaback.org/2014/08/29/verhaal-mathilde-brussel-noord-station-2/","ID: 16250<BR>Last.Updated: 8/29/2014 10:37:33<BR>Title: Mathilde: “vroeg ik of hij dit normaal vond?! wat hem bezielde?! en dat ik echt GEEN nood had om zijn ding te zien”<BR>Type: other<BR>Story: &lt;p style=&quot;text-align: justify&qu<BR>Location: 50.860239<BR>Longitude: 4.361454<BR>Marker: pink_blank"
"4.3517103","50.8503396","http://brussels.ihollaback.org/2014/10/02/histoire-emmala-metro-bxl-2/","ID: 17306<BR>Last.Updated: 10/2/2014 17:14:42<BR>Title: Emmala: “I yelled so a guy would help and come between us or that someone would put a bag between us”<BR>Type: groping<BR>Story: &lt;p style=&quot;text-align: justify&qu<BR>Location: 50.8503396<BR>Longitude: 4.3517103<BR>Marker: pink_blank"
"4.3558326","50.8537717","http://brussels.ihollaback.org/2014/10/02/histoire-emmala-adolphe-max-bxl-2/","ID: 17307<BR>Last.Updated: 10/2/2014 17:22:20<BR>Title: Emmala: “je pars en courant le plus vite et le plus long possible pour pas qu’il ne me rattrape”<BR>Type: assault,other<BR>Story: &lt;p style=&quot;text-align: justify&qu<BR>Location: 50.8537717<BR>Longitude: 4.3558326<BR>Marker: pink_blank"
"4.3558326","50.8537717","http://brussels.ihollaback.org/2014/10/20/histoire-helene-gsm-adolphe-max-2/","ID: 18564<BR>Last.Updated: 10/20/2014 19:02:24<BR>Title: Helene: “J’en ai marre que mon sexe me soit rappele chaque jour dans la rue… Maintenant sur ma messagerie”<BR>Type: verbal<BR>Story: &lt;p style=&quot;text-align: justify&qu<BR>Location: 50.8537717<BR>Longitude: 4.3558326<BR>Marker: pink_blank"
"4.4233269","50.8407782","http://brussels.ihollaback.org/2014/10/31/histoire-rall-woluwe-saint-lambert-2/","ID: 18973<BR>Last.Updated: 10/31/2014 8:17:38<BR>Title: Rall: “un an de harcèlement manifesté  ..”<BR>Type: assault,stalking,verbal<BR>Story: &lt;p style=&quot;text-align: justify&qu<BR>Location: 50.8407782<BR>Longitude: 4.4233269<BR>Marker: pink_blank"
"4.397701","50.839544","http://brussels.ihollaback.org/2014/10/31/story-julia-poliscanova-taxi-merode-2/","ID: 18976<BR>Last.Updated: 10/31/2014 13:29:25<BR>Title: Julia: “I was really scared as we were just outside my house, so he knows my address now”<BR>Type: verbal<BR>Story: &lt;p style=&quot;text-align: justify&qu<BR>Location: 50.839544<BR>Longitude: 4.397701<BR>Marker: pink_blank"
"4.3558633","50.8534985","http://brussels.ihollaback.org/2015/03/02/histoire-helene-adolphemaxlaan-2/","ID: 21848<BR>Last.Updated: 3/25/2015 13:32:19<BR>Title: Hélène: “un homme de l’âge de mon père m’a dit “par l’avant ou par derrière””<BR>Type: verbal<BR>Story: &lt;p style=&quot;text-align: justify&qu<BR>Location: 50.8534985<BR>Longitude: 4.3558633<BR>Marker: pink_blank"
"4.3517103","50.8503396","http://brussels.ihollaback.org/2015/03/24/histoire-melissa-bxl-2/","ID: 21989<BR>Last.Updated: 3/25/2015 13:52:29<BR>Title: Melissa: “mon voisin de table s’est permis de glisser sa main entre mes jambes alors que je me penchais pour attraper l’eau “<BR>Type: groping<BR>Story: &lt;p style=&quot;text-align: justify&qu<BR>Location: 50.8503396<BR>Longitude: 4.3517103<BR>Marker: pink_blank"
"4.3248344","50.8134333","http://www.ihollaback.org/blog/2015/08/26/n-r-story-control-in-the-gym/","ID: 55dde209686f7326fd000000<BR>Last.Updated: 8/27/2015 16:06:38<BR>Title: N.R.’s Story: “Control” in the gym<BR>Type: racist,verbal<BR>Story: Today I went to my local (mixed) gym in<BR>Location: 50.8134333<BR>Longitude: 4.3248344<BR>Marker: pink_blank"
