"2.3508333330000006","48.85666667","http://www.ihollaback.org/?p=249","ID: 840<BR>Last.Updated: 2011-02-06 15:39:47-06<BR>Title: Welcome to Paris<BR>Type: Groping<BR>Story: During a weekend visit to Paris (my firs<BR>Location: 48.85666667<BR>Longitude: 2.350833333<BR>Marker: pink_blank"
"2.331274","48.8588906","http://france.ihollaback.org/?p=307","ID: 977<BR>Last.Updated: 2011-02-16 01:12:15.802389-06<BR>Title: Tripoteur même sur  la route<BR>Type: groping<BR>Story: Je roulais en Vélib sur l'avenue Voltai<BR>Location: 48.8588906<BR>Longitude: 2.331274<BR>Marker: pink_blank"
"2.3508333330000006","48.85666667","http://www.ihollaback.org/?p=1605","ID: 284<BR>Last.Updated: 2010-11-24 15:05:41-06<BR>Title: A chilling call for self-defense classes<BR>Type: assault<BR>Story: I'm a New Yorker, but was living in Pari<BR>Location: 48.85666667<BR>Longitude: 2.350833333<BR>Marker: pink_blank"
"2.3509871","48.8566667","http://www.ihollaback.org/?p=3003","ID: 1109<BR>Last.Updated: 2/28/2011 9:51:20<BR>Title: New submission from Patricia Camelo<BR>Type: groping<BR>Story: This happened a long time ago, but I remember it vividly because it was the very first time I hollaed back.<BR><BR>I was 18 and living in Paris at the time, and as all Parisians, used the subway to get pretty much anywhere. I was coming back from a long cramming session at the university library, midtermes were coming up and I was studying non stop. It was around 23h30, when a bulky bald man sat next me. I smiled quickly and went back to my book. A few minutes later, I felt something against my leg; I was wearing a skirt and tights. When I looked down at my thigh, I saw a finger circling a certain spot on my leg. I was confused for a few seconds, I looked at the man's face and he was looking forwards as if nothing was happening. The subway wasn't crowded, the guy wasn't even worried about getting caught.<BR>I stood up and ordered him to keep his filthy paws to himself, and told him I was going to contact security as soon as we reached the next stop. I was speaking loudly, making it a point of others hearing, although I don't do that often. I was just so angry and disgusted. I told him I might have been barely eighteen but I was big to enough to stand up for myself and to know that there was no justification for his behavior. At that point he tried to get off the subway, and another passenger stepped in and told the guy he had already pressed the emergency button and security would be there in a few minutes. That same guy offered to escort me to my stop, I quote \but I'm pretty sure you don't need it. Submitted by Patricia Camelo"" I wish more women did what you did\"". Since that day I always answer back. Why is it that we are made to believe that answering back is rude or a sign of lack of class. and don't even consider the behavior that prompted such reaction in the first place? There is nothing rude about reminding a jerk that you are not an inflatable doll with no brain or willpower. Holla back every single time!<BR>Location: 48.8566667<BR>Longitude: 2.3509871<BR>Marker: pink_blank"
"2.3509871","48.8566667","http://france.ihollaback.org/2011/03/21/new-submission-from-appoline/","ID: 1541<BR>Last.Updated: 3/22/2011 9:08:59<BR>Title: Joyeux Noël<BR>Type: verbal<BR>Story: Le 24 décembre. En solo je rentre d'un v<BR>Location: 48.8566667<BR>Longitude: 2.3509871<BR>Marker: pink_blank"
"2.3509871","48.8566667","http://france.ihollaback.org/2011/03/22/new-submission-from-mel/","ID: 1571<BR>Last.Updated: 3/22/2011 18:05:03<BR>Title: Mel : “Quel est le problème ?”<BR>Type: stalking<BR>Story: Après des années de menaces, de violence<BR>Location: 48.8566667<BR>Longitude: 2.3509871<BR>Marker: pink_blank"
"2.3509871","48.8566667","http://france.ihollaback.org/2011/03/22/new-submission-from-lise/","ID: 1593<BR>Last.Updated: 3/22/2011 23:00:26<BR>Title: Lise : “N’hésitez pas à leur dire qu’ils sont ridicules”<BR>Type: verbal<BR>Story: Le harcèlement et la drague aggressive s<BR>Location: 48.8566667<BR>Longitude: 2.3509871<BR>Marker: pink_blank"
"2.3509871","48.8566667","http://france.ihollaback.org/2011/03/22/new-submission-from-hic/","ID: 1567<BR>Last.Updated: 3/22/2011 10:13:37<BR>Title: Faire du vélo un dimanche et rencontrer un GL<BR>Type: verbal<BR>Story: Vélo à Paris comme tous les dimanches so<BR>Location: 48.8566667<BR>Longitude: 2.3509871<BR>Marker: pink_blank"
"2.3509871","48.8566667","http://france.ihollaback.org/2011/04/26/new-submission-from-e-j/","ID: 2094<BR>Last.Updated: 4/26/2011 12:15:16<BR>Title: E-J : “Ils me regardent de bas en haut” puis : “Salope”<BR>Type: verbal<BR>Story: Aujourd'hui, il fait beau et j'opte pour<BR>Location: 48.8566667<BR>Longitude: 2.3509871<BR>Marker: pink_blank"
"2.3510385000000005","48.8872292","http://france.ihollaback.org/2011/06/08/gulby-harceleuse-bien-malgre-moi/","ID: 2496<BR>Last.Updated: 6/8/2011 1:01:11<BR>Title: Gulby : “Harceleuse, bien malgré moi”<BR>Type: stalking<BR>Story:<BR>Location: 48.8872292<BR>Longitude: 2.3510385<BR>Marker: pink_blank"
"2.3522219000000004","48.856614","http://france.ihollaback.org/2011/08/05/serveur-il-a-pelote-mes-seins/","ID: 3223<BR>Last.Updated: 8/6/2011 11:52:22<BR>Title: Brigit : “Alors que le serveur retirait sa main de la table, il a peloté mes seins !”<BR>Type: groping<BR>Story: J'ai passé des vacances à Paris en mai e<BR>Location: 48.856614<BR>Longitude: 2.3522219<BR>Marker: pink_blank"
"2.3387156","48.8530124","http://israel.ihollaback.org/2011/08/22/%d7%9b%d7%99-%d7%94%d7%a8%d7%99-%d7%9e%d7%94-%d7%9b%d7%91%d7%a8-%d7%a7%d7%a8%d7%94/","ID: 3500<BR>Last.Updated: 8/22/2011 0:55:42<BR>Title: כי הרי מה כבר קרה<BR>Type: groping<BR>Story: לפני קצת יותר מעשר שנים, בגיל 16 וחצי, ע<BR>Location: 48.8530124<BR>Longitude: 2.3387156<BR>Marker: pink_blank"
"2.3522219000000004","48.856614","http://france.ihollaback.org/2011/09/15/delphine-faire-semblant-de-ne-pas-le-voir/","ID: 3922<BR>Last.Updated: 9/16/2011 7:29:06<BR>Title: Delphine : “il fallait faire semblant de ne pas le voir ni l’entendre alors qu’il faisait tout pour capter notre attention”<BR>Type: other<BR>Story: Quand j'avais 8 ou 9 ans, je suis allée<BR>Location: 48.856614<BR>Longitude: 2.3522219<BR>Marker: pink_blank"
"2.3522219000000004","48.856614","http://www.ihollaback.org/blog/2011/12/11/mazs-story-never-feel-stupid/","ID: 4594<BR>Last.Updated: 12/12/2011 14:09:58<BR>Title: Maz’s Story: Never feel stupid<BR>Type: groping<BR>Story: A few months ago, I was in Paris on a sc<BR>Location: 48.856614<BR>Longitude: 2.3522219<BR>Marker: pink_blank"
"2.345667","48.862413","http://france.ihollaback.org/2012/01/26/beatrice-cest-moi-le-grand-mechant-loup/","ID: 5000<BR>Last.Updated: 1/26/2012 16:28:24<BR>Title: Béatrice : “C’est moi le Grand Méchant Loup”<BR>Type: verbal<BR>Story: Je marchais dans le coin des Halles la n<BR>Location: 48.862413<BR>Longitude: 2.345667<BR>Marker: pink_blank"
"2.3522219000000004","48.856614","http://istanbul.ihollaback.org/2012/03/16/pariste-yasanmis-bir-hikaye-aslinda-utanilacak-seyi-ben-yapmamistim/","ID: 3627<BR>Last.Updated: 3/16/2012 3:33:22<BR>Title: Paris’te yaşanmış bir hikaye: “Aslında utanılacak şeyi ben yapmamıştım”<BR>Type: groping<BR>Story: Geçen yıl Paris'te bir dil okuluna gitti<BR>Location: 48.856614<BR>Longitude: 2.3522219<BR>Marker: pink_blank"
"2.3559109","48.8317878","http://france.ihollaback.org/2012/04/18/genn-mon-voisin-siege-a-cote-se-masturbait/","ID: 5961<BR>Last.Updated: 4/18/2012 14:15:44<BR>Title: Genn : “Mon voisin, sur le siège d’à côté, se masturbait”<BR>Type: other<BR>Story: J&apos;étais dans le métro, revenant d&a<BR>Location: 48.8317878<BR>Longitude: 2.3559109<BR>Marker: pink_blank"
"2.3522219000000004","48.856614","http://france.ihollaback.org/2012/06/01/la-peur-de-ma-vie-ruine-erasmus/","ID: 6567<BR>Last.Updated: 6/1/2012 13:33:09<BR>Title: Anonymous : “Ça à été la peur de ma vie et ça a ruiné mon expérience Erasmus”<BR>Type: assault<BR>Story: Je suis une fille Belge et j&apos;ai fai<BR>Location: 48.856614<BR>Longitude: 2.3522219<BR>Marker: pink_blank"
"2.3522219000000004","48.856614","http://www.ihollaback.org/blog/2012/06/18/tanias-story-stop-harassing-me/","ID: 6745<BR>Last.Updated: 6/18/2012 17:26:35<BR>Title: Tania’s Story: Stop harassing me<BR>Type: racist,verbal<BR>Story: Thank you Parisians in the Pernety metro<BR>Location: 48.856614<BR>Longitude: 2.3522219<BR>Marker: pink_blank"
"2.3522219000000004","48.856614","http://france.ihollaback.org/2012/06/20/cassie-vous-avez-de-belles-fesses/","ID: 6765<BR>Last.Updated: 6/21/2012 13:08:16<BR>Title: Cassie – “Vous avez de belles fesses”<BR>Type: stalking,verbal<BR>Story: J&apos;attends le feux vert afin de trav<BR>Location: 48.856614<BR>Longitude: 2.3522219<BR>Marker: pink_blank"
"2.3445962","48.8537591","http://france.ihollaback.org/2012/06/30/sabrina-pleure-est-tolerable-pas-repondre-aux-gueulantes/","ID: 6848<BR>Last.Updated: 6/30/2012 14:49:36<BR>Title: Sabrina : “Visiblement, pleurer est tolérable, pas répondre aux gueulantes en élevant à son tour la voix”<BR>Type: other<BR>Story: Bonjour,<BR><BR>Hier, je m’apprête à rentrer c<BR>Location: 48.8537591<BR>Longitude: 2.3445962<BR>Marker: pink_blank"
"2.3522219000000004","48.856614","http://france.ihollaback.org/2012/07/13/nenanen-son-majeur-dans-le-cl/","ID: 6960<BR>Last.Updated: 7/14/2012 13:05:32<BR>Title: Nenanen : “Il m’a mis son majeur dans le cul !”<BR>Type: groping<BR>Story: Quelque chose qui s&apos;est passé très<BR>Location: 48.856614<BR>Longitude: 2.3522219<BR>Marker: pink_blank"
"2.3522219000000004","48.856614","http://france.ihollaback.org/2012/08/01/metro-en-fuyant-le-regard-des-hommes/","ID: 7092<BR>Last.Updated: 8/1/2012 6:05:59<BR>Title: Metro : “Je me sens obligée de faire la gueule quand je prends le métro, en fuyant au maximum le regard des hommes. Triste d’en arriver là.”<BR>Type: stalking<BR>Story: Dans le métro parisien, en pleine après-<BR>Location: 48.856614<BR>Longitude: 2.3522219<BR>Marker: pink_blank"
"2.3522219000000004","48.856614","http://france.ihollaback.org/2012/08/04/loukia-comme-je-suis-la-seule-cible-ils-se-dirigent-vers-moi/","ID: 7159<BR>Last.Updated: 8/4/2012 16:58:40<BR>Title: Loukia : “Comme je suis la seule ‘cible’, ils se dirigent vers moi, me disent que je suis mignonne, qu’ils veulent que je leur fasse un p’tit bisous”<BR>Type: groping,stalking,verbal,other<BR>Story: Si je suis incapable de me rappeler tout<BR>Location: 48.856614<BR>Longitude: 2.3522219<BR>Marker: pink_blank"
"2.3522219000000004","48.856614","http://france.ihollaback.org/2012/08/05/ericka-reduite-a-quelque-chose-de-purement-sexuel/","ID: 7166<BR>Last.Updated: 8/5/2012 13:02:03<BR>Title: Ericka : “J’ai honte d’avoir été réduite à quelque chose de purement sexuel”<BR>Type: verbal<BR>Story: J&apos;ai 19 ans, je suis avec des amies<BR>Location: 48.856614<BR>Longitude: 2.3522219<BR>Marker: pink_blank"
"2.3864447","48.8557594","http://france.ihollaback.org/2012/08/06/lea-cracher-dessus-a-deux-reprises/","ID: 7188<BR>Last.Updated: 8/6/2012 16:50:00<BR>Title: Léa : “Je me suis fait cracher dessus à deux reprises et ça c’est d’une violence inouïe”<BR>Type: assault,groping,stalking,verbal,other<BR>Story: Ce n&apos;est pas l&apos;histoire d&apos<BR>Location: 48.8557594<BR>Longitude: 2.3864447<BR>Marker: pink_blank"
"2.354255","48.869424","http://france.ihollaback.org/2012/08/03/cecile-inconcevable-que-le-mec-sapprete-a-la-peloter-tranquillement-en-pleine-rue/","ID: 7104<BR>Last.Updated: 8/3/2012 16:07:32<BR>Title: Cécile : “Il était inconcevable que le mec s’apprête à la peloter tranquillement en pleine rue, en pleine journée !”<BR>Type: groping<BR>Story: On se promenait avec une amie non loin d<BR>Location: 48.869424<BR>Longitude: 2.354255<BR>Marker: grn_blank"
"2.3078389","48.8822444","http://france.ihollaback.org/2012/08/02/villeleger-limportant-cest-de-se-defendre/","ID: 7122<BR>Last.Updated: 8/3/2012 17:18:50<BR>Title: Villeleger : “L’important, c’est de se défendre !”<BR>Type: groping<BR>Story: Ça s&apos;est passé dans une rue fréquen<BR>Location: 48.8822444<BR>Longitude: 2.3078389<BR>Marker: pink_blank"
"2.3522219000000004","48.856614","http://france.ihollaback.org/2012/08/06/mahaut-ne-regardez-pas-mais-le-type-a-cote-de-vous/","ID: 7193<BR>Last.Updated: 8/6/2012 17:06:57<BR>Title: Mahaut : “Ne regardez pas, mais le type à côté de vous est en train de se masturber, levez-vous.”<BR>Type: other<BR>Story: Il y a quelques années, dans le métro pa<BR>Location: 48.856614<BR>Longitude: 2.3522219<BR>Marker: pink_blank"
"2.3522219000000004","48.856614","http://france.ihollaback.org/2012/08/03/pinkie-des-mecs-etaient-en-train-de-nous-filmer-avec-un-telephone/","ID: 7119<BR>Last.Updated: 8/3/2012 17:04:47<BR>Title: Pinkie : “Des mecs étaient en train de nous filmer avec un téléphone”<BR>Type: other<BR>Story: Provinciale, je suis montée quelques jou<BR>Location: 48.856614<BR>Longitude: 2.3522219<BR>Marker: pink_blank"
"2.3328496","48.8768225","http://france.ihollaback.org/2012/08/03/nao-ne-pas-semballer-et-montrer-de-lassurance-peut-desarmer-votre-agresseur/","ID: 7129<BR>Last.Updated: 8/3/2012 17:54:48<BR>Title: Nao : “Parfois le fait de ne pas s’emballer et montrer de l’assurance peut désarmer votre agresseur”<BR>Type: homophobic,verbal,other<BR>Story: Bonjour à tous. Je viens de découvrir ce<BR>Location: 48.8768225<BR>Longitude: 2.3328496<BR>Marker: pink_blank"
"2.3474560000000007","48.858706","http://france.ihollaback.org/2012/08/04/margaux-le-type-se-met-a-hurler-toutes-les-insultes-possibles-salope/","ID: 7157<BR>Last.Updated: 8/4/2012 16:40:42<BR>Title: Margaux : “Le type se met à hurler toutes les insultes possibles et se met à me courir après”<BR>Type: stalking,verbal<BR>Story: Comme tous les matins je me dirigeais ve<BR>Location: 48.858706<BR>Longitude: 2.347456<BR>Marker: pink_blank"
"2.2942540000000005","48.858278","http://france.ihollaback.org/2012/08/04/aimie-je-decouvre-le-terme-harcelement-de-rue/","ID: 7151<BR>Last.Updated: 8/4/2012 16:27:17<BR>Title: Aimie : “Je découvre le terme ‘harcèlement de rue’ et ça me semble soudain tellement évident”<BR>Type: groping,verbal<BR>Story: Je découvre ce site et je suis à la fois<BR>Location: 48.858278<BR>Longitude: 2.294254<BR>Marker: pink_blank"
"2.3914438","48.8691221","http://france.ihollaback.org/2012/08/06/loverdose-des-choses-a-ne-pas-faire-dans-certaines-rues/","ID: 7190<BR>Last.Updated: 8/6/2012 17:01:04<BR>Title: Loverdose : “Il y a des choses à ne pas faire dans certaines rues, si on veux arriver à bon port”<BR>Type: stalking,verbal,other<BR>Story: La rue<BR><BR>Ah la rue, ses trottoirs, ses vo<BR>Location: 48.8691221<BR>Longitude: 2.3914438<BR>Marker: pink_blank"
"2.382966","48.867188","http://france.ihollaback.org/2012/08/06/anina-lui-faire-peur-autant-quil-me-fait-peur/","ID: 7194<BR>Last.Updated: 8/7/2012 16:48:55<BR>Title: Anina : “Répondre un “non” sobre alors que tout ce que je veux c’est me jeter sur lui, lui faire peur autant qu’il me fait peur, lui crier ma haine”<BR>Type: stalking,verbal,other<BR>Story: Je ne pensais pas devoir un jour en parl<BR>Location: 48.867188<BR>Longitude: 2.382966<BR>Marker: pink_blank"
"2.297916","48.849047","http://france.ihollaback.org/2012/08/06/martine-sous-son-large-manteau-dhiver/","ID: 7198<BR>Last.Updated: 8/7/2012 17:23:39<BR>Title: Martine : “Sous son large manteau d’hiver, il se masturbait”<BR>Type: groping,stalking<BR>Story: Attente avant le prochain métro : 8 minu<BR>Location: 48.849047<BR>Longitude: 2.297916<BR>Marker: pink_blank"
"2.3522219000000004","48.856614","http://france.ihollaback.org/2012/08/06/suzy-jai-les-moyens-de-faire-attention/","ID: 7191<BR>Last.Updated: 8/7/2012 16:38:50<BR>Title: Suzy : “J’ai l’impression qu’aujourd’hui, ça va mieux, mais ça va mieux car j’ai les moyens de faire attention”<BR>Type: assault,groping,stalking,verbal<BR>Story: Je discutais l&apos;autre jour avec une<BR>Location: 48.856614<BR>Longitude: 2.3522219<BR>Marker: pink_blank"
"2.3522219000000004","48.856614","http://france.ihollaback.org/2012/08/06/camille-et-je-me-prends-une-claque-magistrale/","ID: 7204<BR>Last.Updated: 8/7/2012 17:32:46<BR>Title: Camille : “je bafouille un ‘Euh non, désolée’ et je me prends une claque magistrale”<BR>Type: assault<BR>Story: L&apos;hiver dernier, il pleut, il fait<BR>Location: 48.856614<BR>Longitude: 2.3522219<BR>Marker: pink_blank"
"2.3522219000000004","48.856614","http://france.ihollaback.org/2012/08/06/marie-je-navais-pas-encore-le-reflexe/","ID: 7206<BR>Last.Updated: 8/8/2012 16:05:13<BR>Title: Marie : “Je n’avais pas encore le réflexe d’avoir un livre avec moi, ou de la musique, ou faire semblant de dormir”<BR>Type: groping,stalking,verbal,other<BR>Story: Un ami a été surpris le jour où je lui a<BR>Location: 48.856614<BR>Longitude: 2.3522219<BR>Marker: pink_blank"
"2.3522219000000004","48.856614","http://france.ihollaback.org/2012/08/06/anne-il-ma-attrapee-de-face-par-les-deux-bras-pour-me-forcer-a-lecouter/","ID: 7209<BR>Last.Updated: 8/8/2012 16:24:39<BR>Title: Anne : “Il m’a attrapée, de face, par les deux bras, pour me forcer à l’écouter”<BR>Type: verbal<BR>Story: Quelques souvenirs, choisis parmi d&apos<BR>Location: 48.856614<BR>Longitude: 2.3522219<BR>Marker: pink_blank"
"2.356064","48.8317227","http://france.ihollaback.org/2012/08/06/marianna-il-me-dit-cela-comme-si-je-devais-me-sentir-flattee/","ID: 7210<BR>Last.Updated: 8/8/2012 16:31:16<BR>Title: Marianna : “Il me dit cela comme si je devais me sentir flattée de voir ainsi mon postérieur anobli par son approbation”<BR>Type: stalking,verbal<BR>Story: Ce soir là, pas trop tard, je rentre che<BR>Location: 48.8317227<BR>Longitude: 2.356064<BR>Marker: pink_blank"
"2.3522219000000004","48.856614","http://france.ihollaback.org/2012/08/07/seven/","ID: 7215<BR>Last.Updated: 8/8/2012 17:01:58<BR>Title: Seven : “Je ne me suis jamais sentie déplacée, fautive, provoquante, mais en butte à un mépris ordinaire, sexiste”<BR>Type: assault,groping,stalking,verbal<BR>Story: J&apos;ai longtemps rêvé de faire du kar<BR>Location: 48.856614<BR>Longitude: 2.3522219<BR>Marker: pink_blank"
"2.3407542","48.8948081","http://france.ihollaback.org/2012/08/07/fudgee0303-si-vous-leur-montrez-que-vous-avez-de-lassurance/","ID: 7217<BR>Last.Updated: 8/8/2012 17:11:35<BR>Title: Fudgee0303 : “Si vous leur montrez que vous avez de l’assurance ils vont arrêter, même si vous n’êtes pas rassurées”<BR>Type: stalking<BR>Story: C&apos;était un samedi vers 19h rue du P<BR>Location: 48.8948081<BR>Longitude: 2.3407542<BR>Marker: pink_blank"
"2.375946","48.8340797","http://france.ihollaback.org/2012/08/07/nina-lance-un-cafard-dessus/","ID: 7226<BR>Last.Updated: 8/9/2012 16:18:58<BR>Title: Nina : “Il m’avait littéralement lancé un cafard dessus !”<BR>Type: assault<BR>Story: J&apos;aurais des dizaines d&apos;histoi<BR>Location: 48.8340797<BR>Longitude: 2.375946<BR>Marker: pink_blank"
"2.406419","48.877165","http://france.ihollaback.org/2012/08/07/marie-plus-jamais-jupe-ou-robe-a-paris/","ID: 7222<BR>Last.Updated: 8/8/2012 17:36:15<BR>Title: Marie : “Depuis cet épisode plus jamais je ne me suis mise en jupe ou en robe à Paris”<BR>Type: racist,verbal<BR>Story: J&apos;allais prendre le métro porte des<BR>Location: 48.877165<BR>Longitude: 2.406419<BR>Marker: pink_blank"
"2.3522219000000004","48.856614","http://france.ihollaback.org/2012/08/07/birdy-je-cite-la-police-qua-pas-trainer-dans-la-rue-en-robe/","ID: 7225<BR>Last.Updated: 8/8/2012 17:39:58<BR>Title: Birdy : “Je cite la police : à cette heure-ci vous n’avez qu’à pas traîner dans la rue en robe”<BR>Type: assault,verbal<BR>Story: Nous sommes 5 copines, sorties d&apos;un<BR>Location: 48.856614<BR>Longitude: 2.3522219<BR>Marker: pink_blank"
"2.3522219000000004","48.856614","http://france.ihollaback.org/2012/08/08/oriane-javais-qua-pas/","ID: 7243<BR>Last.Updated: 8/9/2012 17:36:17<BR>Title: Oriane : “J’avais qu’à faire en sorte qu’on voie moins mes seins aussi, j’avais qu’à me teindre en brune, j’avais qu’à pas ‘traîner’ dans ces rues”<BR>Type: assault,stalking,verbal<BR>Story: Bonjour,<BR><BR>Je suis très soulagée par tout<BR>Location: 48.856614<BR>Longitude: 2.3522219<BR>Marker: pink_blank"
"2.3154376","48.8253944","","ID: 7246<BR>Last.Updated: 8/10/2012 17:07:25<BR>Title: Céline : “Au moment où nos regards se croisent, il se met à hurler “C’est gorgé de salopes par ici !”\"",verbal""<BR>Type: Un matin, je me dirige vers le métro. Ha<BR>Story: http://france.ihollaback.org/2012/08/08/celine-se-met-a-hurler-cest-gorge-de-salopes-par-ici/<BR>Location: 48.8253944<BR>Longitude: 2.3154376<BR>Marker: pink_blank"
"2.3178795","48.8846414","http://france.ihollaback.org/2012/08/08/trivi-aller-je-te-paye-je-te-paye/","ID: 7255<BR>Last.Updated: 8/10/2012 17:39:15<BR>Title: Trivi : “Je l’ai repoussé, et il a commencé à dire ‘aller, je te paye, je te paye’”<BR>Type: groping,verbal<BR>Story: &lt;p&gt;Je travaille le soir, et ce soi<BR>Location: 48.8846414<BR>Longitude: 2.3178795<BR>Marker: pink_blank"
"2.3488474","48.8769224","http://france.ihollaback.org/2012/08/08/marcia-quand-je-reponds-non-il-pete-un-cable/","ID: 7244<BR>Last.Updated: 8/10/2012 16:48:55<BR>Title: Marcia : “Quand je réponds non, il pète un cable et commence à m’insulter”<BR>Type: racist,stalking,verbal<BR>Story: Bon alors, j&apos;ai eu sérieusement du<BR>Location: 48.8769224<BR>Longitude: 2.3488474<BR>Marker: pink_blank"
"2.3468662","48.893945","http://france.ihollaback.org/2012/08/10/violaine-je-me-suis-mise-a-hurler/","ID: 7278<BR>Last.Updated: 8/12/2012 10:14:52<BR>Title: Violaine : “Je me suis mise à hurler et tous les types qui traînaient au bar d’en face se sont rués vers nous”<BR>Type: assault,groping<BR>Story: Je rentre d&apos;une soirée vers 2h du m<BR>Location: 48.893945<BR>Longitude: 2.3468662<BR>Marker: pink_blank"
"2.3522219000000004","48.856614","http://france.ihollaback.org/2012/08/11/alexia-au-moment-ou-les-portes-de-la-rame-souvrent/","ID: 7288<BR>Last.Updated: 8/12/2012 10:50:19<BR>Title: Alexia : “Au moment où les portes de la rame s’ouvrent je sens la main de cet homme qui m’agrippe le sexe”<BR>Type: assault,groping<BR>Story: J&apos;ai 18 ans, je suis dans la rame d<BR>Location: 48.856614<BR>Longitude: 2.3522219<BR>Marker: pink_blank"
"2.3522219000000004","48.856614","http://france.ihollaback.org/2012/08/11/sarah-mon-plus-grand-tort-netait-pas/","ID: 7309<BR>Last.Updated: 8/13/2012 15:51:03<BR>Title: Sarah : “Mon plus grand tort n’était pas d’avoir mis une jupe, mais d’avoir été seule”<BR>Type: verbal<BR>Story: Grande pratiquante du covoiturage, c&apo<BR>Location: 48.856614<BR>Longitude: 2.3522219<BR>Marker: pink_blank"
"2.326671","48.875496","http://france.ihollaback.org/2012/08/13/julie-il-sort-son-sexe-quil-tripote/","ID: 7345<BR>Last.Updated: 8/13/2012 16:53:58<BR>Title: Julie : “Il sort son sexe qu’il tripote, et qu’il tente de cacher aux autres passagers du train avec son magazine”<BR>Type: other<BR>Story: Tranquillement installée sur un siège du<BR>Location: 48.875496<BR>Longitude: 2.326671<BR>Marker: pink_blank"
"2.3522219000000004","48.856614","http://france.ihollaback.org/2012/08/12/ludivine-des-que-mon-copain-est-parti/","ID: 7329<BR>Last.Updated: 8/13/2012 16:18:40<BR>Title: Ludivine : “Dès que mon copain est parti, ils se sont mis à me siffler et à m’appeler”<BR>Type: verbal<BR>Story: Je rentrais de vacances avec mon copain,<BR>Location: 48.856614<BR>Longitude: 2.3522219<BR>Marker: pink_blank"
"2.3496747","48.8874207","http://france.ihollaback.org/2012/08/12/momo-les-gestes-deplaces-de-nombreux-hommes/","ID: 7331<BR>Last.Updated: 8/13/2012 16:29:12<BR>Title: Momo : “Voir que nous sommes nombreuses à ressentir les mêmes choses, souillées par les gestes déplacés de nombreux hommes.”<BR>Type: groping<BR>Story: J&apos;ai connu votre site en discutant<BR>Location: 48.8874207<BR>Longitude: 2.3496747<BR>Marker: pink_blank"
"2.3522219000000004","48.856614","http://france.ihollaback.org/2012/09/03/constance-je-regrette-de-ne-pas-avoir-reagi-davoir-eu-peur/","ID: 7463<BR>Last.Updated: 9/4/2012 15:00:26<BR>Title: Constance : “Je regrette de ne pas avoir réagi, d’avoir eu peur”<BR>Type: groping,verbal<BR>Story: Bonjour à toutes,<BR><BR>Plusieurs fois, comme<BR>Location: 48.856614<BR>Longitude: 2.3522219<BR>Marker: pink_blank"
"2.39591","48.848394","http://france.ihollaback.org/2012/09/01/sab-merci-a-toi-inconnue-du-metro/","ID: 7437<BR>Last.Updated: 9/1/2012 14:24:11<BR>Title: Sab : “Merci à toi inconnue du métro !”<BR>Type: verbal<BR>Story: Je sors du métro au terminus ; quelques<BR>Location: 48.848394<BR>Longitude: 2.39591<BR>Marker: pink_blank"
"2.380155","48.869274","http://france.ihollaback.org/2012/09/05/rosalba-le-bouton-transformation-en-hulk-pour-se-defendre/","ID: 7476<BR>Last.Updated: 9/5/2012 15:59:40<BR>Title: Rosalba : “Si vous inventez le bouton ‘transformation en Hulk pour se défendre’ prévenez-moi, je suis déjà verte de rage”<BR>Type: verbal<BR>Story: Ce sera très court, mais vous comprendre<BR>Location: 48.869274<BR>Longitude: 2.380155<BR>Marker: pink_blank"
"2.3362313","48.8624064","http://sheffield.ihollaback.org/2012/09/06/annettes-story-of-street-harassment-while-in-paris/","ID: 7499<BR>Last.Updated: 9/6/2012 13:55:48<BR>Title: Annette’s story of street harassment while in Paris<BR>Type: groping<BR>Story: One evening, on my way home in a really<BR>Location: 48.8624064<BR>Longitude: 2.3362313<BR>Marker: pink_blank"
"2.3522219000000004","48.856614","http://france.ihollaback.org/2012/09/06/victoria-cest-rien-cest-bon-il-est-parti-tu-as-cru-quoi/","ID: 7508<BR>Last.Updated: 9/6/2012 17:20:30<BR>Title: Victoria – “C’est rien, c’est bon il est parti. Tu as cru quoi ? Qu’il allait te violer ? Pourquoi tu as peur comme ça ?”<BR>Type: assault,groping,stalking,verbal<BR>Story: Un soir, 20h dans le métro parisien, un<BR>Location: 48.856614<BR>Longitude: 2.3522219<BR>Marker: pink_blank"
"2.3325319","48.8533872","http://france.ihollaback.org/2012/09/06/gabriela-que-si-javais-ete-sa-femme-ou-sa-fille-je-naurais-pas-eu-le-droit-de-sortir-comme-ca/","ID: 7510<BR>Last.Updated: 9/7/2012 14:57:44<BR>Title: Gabriela : “Il me traite de prostituée et me dit que si j’avais été sa femme ou sa fille je n’aurais pas eu le droit de sortir comme ça”<BR>Type: assault,verbal<BR>Story: Cet après-midi je décide d&apos;aller fa<BR>Location: 48.8533872<BR>Longitude: 2.3325319<BR>Marker: pink_blank"
"2.4066412","48.8599825","http://france.ihollaback.org/2012/09/10/julia-trop-de-gens-disent-que-la-notion-de-femme-proie-nexiste-pas/","ID: 7572<BR>Last.Updated: 9/10/2012 13:52:11<BR>Title: Julia : “Trop de gens disent que la notion de “femme-proie” n’existe pas, qu’il n’y a pas besoin d’en parler”<BR>Type: groping,stalking,verbal<BR>Story: J&apos;ai lu de nombreuses mésaventures,<BR>Location: 48.8599825<BR>Longitude: 2.4066412<BR>Marker: pink_blank"
"2.3638110000000006","48.867503","http://france.ihollaback.org/2012/09/07/jasmina-je-me-sens-sans-cesse-desemparee-face-a-ces-mesaventures/","ID: 7530<BR>Last.Updated: 9/8/2012 10:16:53<BR>Title: Jasmina : “Je me sens sans cesse désemparée face à ces “mésaventures”, et fait tout pour ne pas retourner la haine et le mépris qui naissent en moi dans ces moments-là contre moi-même”<BR>Type: verbal<BR>Story: Hier matin, c&apos;est-à-dire jeudi 6 se<BR>Location: 48.867503<BR>Longitude: 2.363811<BR>Marker: pink_blank"
"2.3522219000000004","48.856614","http://france.ihollaback.org/2012/09/14/lola-jai-tellement-lhabitude-que-ca-ne-matteint-plus/","ID: 7641<BR>Last.Updated: 9/15/2012 5:58:14<BR>Title: Lola : “J’ai tellement l’habitude que ça ne m’atteint plus”<BR>Type: verbal<BR>Story: Hier en sortant de chez moi j&apos;atten<BR>Location: 48.856614<BR>Longitude: 2.3522219<BR>Marker: pink_blank"
"2.345734","48.853451","http://france.ihollaback.org/2012/09/14/gaelle-que-des-hommes-de-loi-puissent-avoir-ce-type-de-propos-aussi-librement/","ID: 7639<BR>Last.Updated: 9/15/2012 5:40:26<BR>Title: Gaëlle : “Mon ami a été plus que choqué que des hommes de loi puissent avoir ce type de propos aussi librement”<BR>Type: verbal<BR>Story: Il y a environ 3 ans, je me promenais av<BR>Location: 48.853451<BR>Longitude: 2.345734<BR>Marker: pink_blank"
"2.2764889","48.8636111","http://france.ihollaback.org/2012/09/24/marie-a-cause-dune-bande-dabrutis/","ID: 7783<BR>Last.Updated: 9/25/2012 16:28:25<BR>Title: Marie : “Les talons et tout le reste, je n’en porte plus, à cause d’une bande d’abrutis”<BR>Type: stalking,verbal<BR>Story: Bonjour ! Tout d&apos;abord , j&apos;app<BR>Location: 48.8636111<BR>Longitude: 2.2764889<BR>Marker: pink_blank"
"2.3522219000000004","48.856614","http://france.ihollaback.org/2012/09/24/v-ne-ressemblons-nous-donc-pas-a-des-etres-humains-pour-eux/","ID: 7784<BR>Last.Updated: 9/25/2012 16:31:41<BR>Title: V. : “Je ne comprends pas ces personnes qui voient en nous des produits de consommation courante, ne ressemblons-nous donc pas à des êtres humains pour eux ?”<BR>Type: verbal<BR>Story: Je marchais dans les couloirs de la gare<BR>Location: 48.856614<BR>Longitude: 2.3522219<BR>Marker: pink_blank"
"2.338918","48.820428","http://france.ihollaback.org/2012/09/26/sandrine-des-clous-sur-une-main-lancee-a-pleine-vitesse/","ID: 7826<BR>Last.Updated: 9/29/2012 3:04:17<BR>Title: Sandrine : “Ce matin, j’ai mis mon jean avec des clous sur les poches arrières, et des clous sur une main lancée à pleine vitesse, ça fait vachement mal !”<BR>Type: other<BR>Story: Je ne suis pas habituée à ce que l&apos;<BR>Location: 48.820428<BR>Longitude: 2.338918<BR>Marker: pink_blank"
"2.3078389","48.8822444","http://france.ihollaback.org/2012/10/02/lili-voyant-que-je-ne-repondais-pas-il-a-lache-a-voix-basse/","ID: 7892<BR>Last.Updated: 10/3/2012 13:10:55<BR>Title: Lili : “Voyant que je ne répondais pas, il a lâché, à voix basse cette fois, ‘Va te faire enculer salope’”<BR>Type: verbal<BR>Story: &lt;p&gt;Je passais devant un restaurant<BR>Location: 48.8822444<BR>Longitude: 2.3078389<BR>Marker: pink_blank"
"2.3522219000000004","48.856614","http://france.ihollaback.org/2012/10/02/andy-en-lhonneur-de-vous-toutes-qui-vivez-le-harcelement-au-quotidien/","ID: 7890<BR>Last.Updated: 10/3/2012 13:06:26<BR>Title: Andy : “La prochain fois, je réagirai, en l’honneur de vous toutes qui vivez le harcèlement au quotidien.”<BR>Type: groping,stalking,verbal<BR>Story: Je crois que le pire, c&apos;est la faço<BR>Location: 48.856614<BR>Longitude: 2.3522219<BR>Marker: pink_blank"
"2.3522219000000004","48.856614","http://france.ihollaback.org/2012/10/07/ermence-il-y-a-bien-longtemps-que-je-ne-raconte-plus-ce-quil-peut-marriver/","ID: 8011<BR>Last.Updated: 10/7/2012 9:00:40<BR>Title: Ermence : “Il y a bien longtemps que je ne raconte plus ce qu’il peut m’arriver parce que je ressens le jugement défavorable des gens”<BR>Type: assault,groping,racist,verbal<BR>Story: Je suis tombée sur ce site par hasard et<BR>Location: 48.856614<BR>Longitude: 2.3522219<BR>Marker: pink_blank"
"2.3522219000000004","48.856614","http://france.ihollaback.org/2012/10/11/alicia-cest-un-quotidien-qui-ne-devrait-meme-pas-exister-en-2012/","ID: 8094<BR>Last.Updated: 10/11/2012 14:52:09<BR>Title: Alicia : “C’est un quotidien qui ne devrait même pas exister en 2012″<BR>Type: assault,stalking,verbal<BR>Story: Je suis aussi soulagée d&apos;avoir déco<BR>Location: 48.856614<BR>Longitude: 2.3522219<BR>Marker: pink_blank"
"2.2941911","48.8735948","http://france.ihollaback.org/2012/10/09/andrea-pas-seulement-de-mavoir-frappee-mais-de-mavoir-changee/","ID: 8044<BR>Last.Updated: 10/11/2012 14:40:26<BR>Title: Andrea : “Je hais tellement ce qu’ils m’ont fait, pas seulement de m’avoir frappée, mais de m’avoir changée”<BR>Type: assault<BR>Story: Il m&apos;est souvent arrivé d&apos;être<BR>Location: 48.8735948<BR>Longitude: 2.2941911<BR>Marker: pink_blank"
"2.3729825","48.8563363","http://france.ihollaback.org/2012/10/14/lily-a-un-point-ou-jagresse-chaque-homme-qui-vient-me-parler/","ID: 8129<BR>Last.Updated: 10/14/2012 13:50:22<BR>Title: Lily : “J’en suis arrivée à un point où j’agresse chaque homme qui vient me parler ou essaie d’entamer la conversation avec moi. Ils me répugnent”<BR>Type: groping,stalking,verbal<BR>Story: Bonjour à toutes ! Quel bonheur de trouv<BR>Location: 48.8563363<BR>Longitude: 2.3729825<BR>Marker: pink_blank"
"2.3522219000000004","48.856614","http://france.ihollaback.org/2012/11/01/alexandra-je-suis-petrifiee-bloquee-entre-tous-ces-hommes-au-bord-des-larmes-je-fais-comprendre-a-mes-amis-quil-faut-sortir-de-la-foule-tout-de-suite/","ID: 8307<BR>Last.Updated: 11/2/2012 13:52:29<BR>Title: Alexandra : “Je suis pétrifiée, bloquée entre tous ces hommes. Au bord des larmes, je fais comprendre à mes amis qu’il faut sortir de la foule tout de suite.”<BR>Type: groping,other<BR>Story: Depuis le temps que je suis les publicat<BR>Location: 48.856614<BR>Longitude: 2.3522219<BR>Marker: pink_blank"
"2.3522219000000004","48.856614","http://france.ihollaback.org/2012/11/06/mel-ca-aurait-pu-etre-destine-aux-tomates-ou-aux-avocats-mais-non-il-a-choisi-un-autre-produit-consommable/","ID: 8333<BR>Last.Updated: 11/7/2012 15:19:23<BR>Title: Mél : “Ça aurait pu être destiné aux tomates ou aux avocats mais non, il a choisi un autre ‘produit consommable’”<BR>Type: verbal<BR>Story: Je pars tranquillement faire mon marché<BR>Location: 48.856614<BR>Longitude: 2.3522219<BR>Marker: pink_blank"
"2.3626406","48.8891354","http://france.ihollaback.org/2012/11/21/navarro-le-fameux-aaaah-vous-etes-charmante-madmoiselle-bien-libidineux/","ID: 8521<BR>Last.Updated: 11/22/2012 13:25:17<BR>Title: Navarro : “Le fameux ‘Aaaah, vous êtes charmante mad’moiselle’ bien libidineux”<BR>Type: verbal<BR>Story: Cela m&apos;arrive souvent et on a tenda<BR>Location: 48.8891354<BR>Longitude: 2.3626406<BR>Marker: pink_blank"
"2.3522219000000004","48.856614","http://france.ihollaback.org/2012/11/27/laura-le-pire-dans-tout-ca-cest-que-jai-14-ans/","ID: 8563<BR>Last.Updated: 11/29/2012 14:42:09<BR>Title: Laura : “Le pire dans tout ça c’est que j’ai 14 ans”<BR>Type: verbal<BR>Story: C&apos;était en janvier et ma mère m&apo<BR>Location: 48.856614<BR>Longitude: 2.3522219<BR>Marker: pink_blank"
"2.342961","48.8898148","http://france.ihollaback.org/2012/12/06/sarah-etre-fermes-et-netre-pas-gentilles/","ID: 8647<BR>Last.Updated: 12/7/2012 12:50:26<BR>Title: Sarah : “J’espère que mon cas vous servira de leçon pour être fermes et n’être pas gentilles, même pas une seconde, avec un individu qui vous semble ‘bizarre’”<BR>Type: assault,other<BR>Story: DES LOIS DOIVENT ÊTRE CRÉÉES POUR PUNIR<BR>Location: 48.8898148<BR>Longitude: 2.342961<BR>Marker: pink_blank"
"2.3522219000000004","48.856614","http://france.ihollaback.org/2012/12/23/mathilde-mais-dune-maniere-qui-ne-me-met-pas-mal-a-laise-du-tout/","ID: 8922<BR>Last.Updated: 12/23/2012 9:12:19<BR>Title: Mathilde : “Il insiste encore, mais d’une manière qui ne me met pas mal à l’aise du tout, et il est très poli”<BR>Type: other<BR>Story: J&apos;allais en cours et un jeune homme<BR>Location: 48.856614<BR>Longitude: 2.3522219<BR>Marker: pink_blank"
"2.3522219000000004","48.856614","http://france.ihollaback.org/2013/01/03/oriane-expression-dune-declaration-de-guerre-pure-et-simple/","ID: 8997<BR>Last.Updated: 1/3/2013 15:50:39<BR>Title: Oriane : “De l’acte le plus anodin au plus grave, ils ne sont que l’expression d’une déclaration de guerre pure et simple”<BR>Type: assault<BR>Story: Un groupe de mec sur un quai du métro, u<BR>Location: 48.856614<BR>Longitude: 2.3522219<BR>Marker: grn_blank"
"2.3474560000000007","48.858706","http://france.ihollaback.org/2013/01/10/vic-la-visiblement-elle-ne-veut-pas-vous-parler-alors-soyez-sympa-laissez-la-tranquille/","ID: 9051<BR>Last.Updated: 1/11/2013 13:53:00<BR>Title: Vic : “Là visiblement elle ne veut pas vous parler. Alors soyez sympa, laissez-la tranquille”<BR>Type: verbal<BR>Story: Un grand classique, RER B, 20h, pas gran<BR>Location: 48.858706<BR>Longitude: 2.347456<BR>Marker: grn_blank"
"2.3281865","48.8952357","http://france.ihollaback.org/2013/01/12/juliette-rien-dans-mon-attitude-nindiquait-une-quelconque-disponibilite/","ID: 9073<BR>Last.Updated: 1/13/2013 5:20:38<BR>Title: Juliette : “Rien dans mon attitude n’indiquait une quelconque disponibilité, sinon que je n’étais pas ‘gardée’ par un homme”<BR>Type: verbal<BR>Story: Je rentrais de chez mes parents, en prov<BR>Location: 48.8952357<BR>Longitude: 2.3281865<BR>Marker: pink_blank"
"2.3522219000000004","48.856614","http://france.ihollaback.org/2013/02/01/mello-rien-qui-nous-empeche-de-nous-defendre/","ID: 9232<BR>Last.Updated: 2/1/2013 14:25:32<BR>Title: Mello : “On a deux bras et deux jambes, comme eux, il n’y a rien qui nous empêche de nous défendre. Si on m’insulte, j’insulte, si on me touche, je cogne”<BR>Type: assault,groping,stalking<BR>Story: Quand j&apos;étais plus jeune, vers 14-1<BR>Location: 48.856614<BR>Longitude: 2.3522219<BR>Marker: pink_blank"
"2.3474560000000007","48.858706","http://france.ihollaback.org/2013/03/11/juliane-d-cest-vrai-quen-soit-il-ne-sest-rien-passe-cest-vrai-quelle-navait-rien-demande-cest-vrai-que-je-nai-pas-ameliore-grand-chose-mais-jai-reagi/","ID: 9515<BR>Last.Updated: 3/11/2013 16:02:29<BR>Title: Juliane D. : “C’est vrai qu’en soit, il ne s’est rien passé. C’est vrai qu’elle n’avait rien demandé. C’est vrai que je n’ai pas amélioré grand chose. Mais j’ai réagi.”<BR>Type: other<BR>Story: C&apos;était il y a 1 mois. Comme à mon<BR>Location: 48.858706<BR>Longitude: 2.347456<BR>Marker: grn_blank"
"2.3990500000000003","48.8650611","http://france.ihollaback.org/2013/03/22/elodie-ma-reaction-ma-fait-peur-ai-je-pris-trop-confiance-en-moi/","ID: 9640<BR>Last.Updated: 3/22/2013 12:59:44<BR>Title: Elodie : “Ma réaction m’a fait peur : ai-je pris trop confiance en moi?”<BR>Type: verbal<BR>Story: Les nombreux «compliments» qu’on m’adres<BR>Location: 48.8650611<BR>Longitude: 2.39905<BR>Marker: grn_blank"
"2.37393","48.844717","http://france.ihollaback.org/2013/03/26/cindy-je-me-suis-dit-que-tavais-besoin-dun-mec/","ID: 9707<BR>Last.Updated: 3/26/2013 14:35:15<BR>Title: Cindy – “Je me suis dit que t’avais besoin d’un mec”<BR>Type: verbal<BR>Story: Aujourd&apos;hui, je descends des marche<BR>Location: 48.844717<BR>Longitude: 2.37393<BR>Marker: pink_blank"
"2.3522219000000004","48.856614","http://france.ihollaback.org/2013/04/09/anissa-je-narrive-pas-a-cautionner-que-lon-me-manque-de-respect/","ID: 9874<BR>Last.Updated: 4/9/2013 15:35:47<BR>Title: Anissa : “Je n’arrive pas à cautionner que l’on me manque de respect et, même si j’ai peur, je n’arrive pas à retenir mes réactions.”<BR>Type: verbal<BR>Story: Voilà, j&apos;étais tranquillement à la<BR>Location: 48.856614<BR>Longitude: 2.3522219<BR>Marker: pink_blank"
"2.359204","48.830759","http://france.ihollaback.org/2013/04/09/chloe-je-commence-par-le-menacer-de-lui-peter-les-genoux-et-sil-insiste-je-le-fais/","ID: 9868<BR>Last.Updated: 4/9/2013 15:24:56<BR>Title: Chloé : “Si un de ces abrutis l’est assez pour venir m’ennuyer, je commence par le menacer de lui péter les genoux et s’il insiste, je le fais.”<BR>Type: groping,verbal<BR>Story: Je viens de découvrir ce site, et je doi<BR>Location: 48.830759<BR>Longitude: 2.359204<BR>Marker: pink_blank"
"2.3750983","48.8651279","http://france.ihollaback.org/2013/04/14/beautymist-cest-alle-crescendo-dans-ma-vie-simples-remarques-ou-regards-desagreables-puis-agression-sexuelle-et-jusqua-un-viol/","ID: 10013<BR>Last.Updated: 4/16/2013 15:15:13<BR>Title: Beautymist : “C’est allé crescendo dans ma vie, simples remarques ou regards désagréables puis agression sexuelle, et jusqu’à un viol”<BR>Type: assault,groping,stalking,verbal,other<BR>Story: &lt;img class=&quot;alignleft&quot; styl<BR>Location: 48.8651279<BR>Longitude: 2.3750983<BR>Marker: pink_blank"
"2.275","48.8716667","http://france.ihollaback.org/2013/04/21/marine-il-etait-persuadee-que-moi-jetais-impolie-que-jetais-fautive-que-je-meritais-toutes-les-insultes-et-cest-cela-qui-me-degoute-le-plus/","ID: 10112<BR>Last.Updated: 4/23/2013 15:32:04<BR>Title: Marine : “Il était persuadé que moi j’étais impolie, que j’étais fautive, que je méritais toutes les insultes, et c’est cela qui me dégoute le plus”<BR>Type: verbal<BR>Story: C&apos;est arrivé il y a plus d&apos;un<BR>Location: 48.8716667<BR>Longitude: 2.275<BR>Marker: pink_blank"
"2.3522219000000004","48.856614","http://france.ihollaback.org/2013/06/05/juliette-il-me-crie-putain-et-me-crache-dessus/","ID: 10379<BR>Last.Updated: 6/5/2013 16:26:31<BR>Title: Juliette : “Il me crie ‘Putain !’ et me crache dessus”<BR>Type: assault,verbal<BR>Story: Il était environ 8h du matin, un peu en<BR>Location: 48.856614<BR>Longitude: 2.3522219<BR>Marker: pink_blank"
"2.3107911","48.862618","http://france.ihollaback.org/2013/06/10/eli-je-marrete-je-lance-le-regard-du-mort-et-je-sors-un-je-te-connais-pas-tres-froid-et-je-continue-a-marcher-tranquillement/","ID: 10457<BR>Last.Updated: 6/10/2013 14:39:05<BR>Title: Eli : “Je m’arrête, je lance le regard du mort et je sors un ‘Je te connais pas’ très froid et je continue à marcher tranquillement”<BR>Type: verbal<BR>Story: Coucou! Il y a deux incidents qui se son<BR>Location: 48.862618<BR>Longitude: 2.3107911<BR>Marker: pink_blank"
"2.355752","48.87977","http://france.ihollaback.org/2013/06/20/lou-jetais-effrayee-le-wagon-etait-pratiquement-vide-et-ma-voix-completement-coupee/","ID: 10641<BR>Last.Updated: 6/20/2013 16:38:58<BR>Title: Lou : “J’étais effrayée, le wagon était pratiquement vide, et ma voix complètement coupée”<BR>Type: groping<BR>Story: L&apos;an dernier, aux alentours du mois<BR>Location: 48.87977<BR>Longitude: 2.355752<BR>Marker: pink_blank"
"2.3522219000000004","48.856614","http://france.ihollaback.org/2013/06/24/kelly-et-puis-un-jour-jai-eu-droit-a-un-des-fameux-frotteurs-du-metro/","ID: 10701<BR>Last.Updated: 6/24/2013 14:32:57<BR>Title: Kelly : “Et puis un jour, j’ai eu droit à un des fameux frotteurs du métro.”<BR>Type: assault,groping<BR>Story: Ça fait quelques années, mais ça s&apos;<BR>Location: 48.856614<BR>Longitude: 2.3522219<BR>Marker: pink_blank"
"2.3522219000000004","48.856614","http://berlin.ihollaback.org/2013/06/belastigung-in-pariser-metro/","ID: 10610<BR>Last.Updated: 6/24/2013 11:28:28<BR>Title: Belästigung in Pariser Metro<BR>Type: other<BR>Story: Vor nicht allzu langer Zeit habe ich ein<BR>Location: 48.856614<BR>Longitude: 2.3522219<BR>Marker: pink_blank"
"2.3522219000000004","48.856614","http://france.ihollaback.org/2013/07/23/layla-le-couloir-du-metro-est-desert-et-il-en-profite-pour-me-coller-sa-main-aux-fesses/","ID: 11058<BR>Last.Updated: 7/25/2013 13:55:47<BR>Title: Layla : “Le couloir du métro est désert et il en profite pour me coller sa main aux fesses”<BR>Type: groping,stalking<BR>Story: L&apos;autre jour, je prenais tranquille<BR>Location: 48.856614<BR>Longitude: 2.3522219<BR>Marker: pink_blank"
"2.3881833","48.8408083","http://france.ihollaback.org/2013/08/01/linda-silence-total-fierte-totale-ce-que-javais-fait-etait-tellement-simple-mais-je-me-sentais-surhumaine/","ID: 11177<BR>Last.Updated: 8/1/2013 14:06:56<BR>Title: Linda : “Silence total. Fierté totale. Ce que j’avais fait était tellement simple mais je me sentais surhumaine”<BR>Type: verbal<BR>Story: J&apos;ai quitté l&apos;appartement de m<BR>Location: 48.8408083<BR>Longitude: 2.3881833<BR>Marker: pink_blank"
"2.3881833","48.8408083","http://www.ihollaback.org/blog/2013/08/01/lindas-story-a-story-of-saying-stop/","ID: 11176<BR>Last.Updated: 8/1/2013 15:48:47<BR>Title: Linda’s Story: A story of saying STOP<BR>Type: verbal<BR>Story: I left my friend&apos;s house at 11:30pm<BR>Location: 48.8408083<BR>Longitude: 2.3881833<BR>Marker: pink_blank"
"2.37393","48.844717","http://france.ihollaback.org/2013/08/13/berengere-mmmmmmmmmh-sexy/","ID: 11226<BR>Last.Updated: 8/13/2013 2:04:08<BR>Title: Bérengère – “Mmmmmmmmmh, sexy”<BR>Type: verbal<BR>Story: Un jour, en rentrant du boulot, je sors<BR>Location: 48.844717<BR>Longitude: 2.37393<BR>Marker: pink_blank"
"2.3474560000000007","48.858706","http://france.ihollaback.org/2013/08/16/harmony-au-bon-endroit-au-bon-moment-dans-la-bonne-position/","ID: 11293<BR>Last.Updated: 8/16/2013 5:00:59<BR>Title: Harmony – “Au bon endroit, au bon moment, dans la bonne position !”<BR>Type: groping,verbal<BR>Story: L&apos;autre jour, à Paris, RER B bondé<BR>Location: 48.858706<BR>Longitude: 2.347456<BR>Marker: pink_blank"
"2.3522219000000004","48.856614","http://france.ihollaback.org/2013/08/17/harmony-malaise-sentiment-detre-un-objet-et-davoir-son-regard-qui-me-grimpe-dessus-comme-une-araignee/","ID: 11298<BR>Last.Updated: 8/17/2013 5:01:35<BR>Title: Harmony : “Son regard qui me grimpe dessus comme une araignée…”<BR>Type: verbal<BR>Story: Après des heures de travail à la bibliot<BR>Location: 48.856614<BR>Longitude: 2.3522219<BR>Marker: pink_blank"
"2.3522219000000004","48.856614","http://france.ihollaback.org/2013/08/18/adela-il-a-accelere-afin-de-me-rattraper-alors-que-je-tentais-de-menfuir/","ID: 11340<BR>Last.Updated: 8/19/2013 1:37:39<BR>Title: Adela : “Il a accéléré afin de me rattraper alors que je tentais de m’enfuir”<BR>Type: assault,stalking,verbal<BR>Story: Un jour, en rentrant des cours (j&apos;a<BR>Location: 48.856614<BR>Longitude: 2.3522219<BR>Marker: pink_blank"
"2.358283","48.876141","http://france.ihollaback.org/2013/09/13/caroline-je-sentais-encore-la-pression-sur-mes-poignets-des-minutes-apres-metre-degagee/","ID: 11703<BR>Last.Updated: 9/14/2013 10:07:55<BR>Title: Caroline : “Je sentais encore la pression sur mes poignets des minutes après m’être dégagée”<BR>Type: assault,other<BR>Story: Bonjour à tous,<BR><BR>Voilà une histoire qui<BR>Location: 48.876141<BR>Longitude: 2.358283<BR>Marker: pink_blank"
"2.3073141","48.8657844","http://www.ihollaback.org/blog/2013/09/13/holla-on-the-go-champs-eysees-at-night/","ID: 11704<BR>Last.Updated: 9/16/2013 11:23:01<BR>Title: HOLLA ON THE GO: Champs Eysees at night<BR>Type: Stalking<BR>Story: Was leaving club at Champs Elysees at 2-<BR>Location: 48.8657844<BR>Longitude: 2.3073141<BR>Marker: pink_blank"
"2.2943877","48.8582285","http://www.ihollaback.org/blog/2013/10/10/kks-story-the-last-thing-i-wanted-was-for-the-situation-to-turn-violent/","ID: 11916<BR>Last.Updated: 10/10/2013 10:03:04<BR>Title: Kk’s Story: “The last thing I wanted was for the situation to turn violent”<BR>Type: groping,stalking,verbal<BR>Story: I was traveling in Paris, making my way<BR>Location: 48.8582285<BR>Longitude: 2.2943877<BR>Marker: pink_blank"
"2.3002917","48.8413278","http://france.ihollaback.org/2013/10/23/charlotte-ils-savent-que-ca-nous-emmerde-et-cest-pour-ca-quils-le-font/","ID: 12016<BR>Last.Updated: 10/24/2013 13:24:11<BR>Title: Charlotte : “Ils savent que ça nous emmerde et c’est pour ça qu’ils le font !”<BR>Type: verbal<BR>Story: Rien de ce qui m&apos;est arrivé n&apos;<BR>Location: 48.8413278<BR>Longitude: 2.3002917<BR>Marker: pink_blank"
"2.3638110000000006","48.867503","http://france.ihollaback.org/2013/10/29/clemence-encore-une-consideree-comme-etant-en-libre-service-par-certains/","ID: 12051<BR>Last.Updated: 10/29/2013 15:50:57<BR>Title: Clémence : “Encore une considérée comme étant en libre-service par certains”<BR>Type: groping,verbal<BR>Story: Encore un évènement tristement banal. Ma<BR>Location: 48.867503<BR>Longitude: 2.363811<BR>Marker: grn_blank"
"2.3522219000000004","48.856614","http://france.ihollaback.org/2013/11/07/lale-jai-toujours-la-peur-au-ventre-dans-lattente-de-voir-sous-quelle-forme-cette-haine-va-reapparaitre-dans-ma-vie/","ID: 12113<BR>Last.Updated: 11/9/2013 8:38:37<BR>Title: Lale : “J’ai toujours la peur au ventre, dans l’attente de voir sous quelle forme cette haine va réapparaître dans ma vie.”<BR>Type: assault,groping,stalking,transphobic,verbal,other<BR>Story: Merci à toutes, les filles, pour vos tém<BR>Location: 48.856614<BR>Longitude: 2.3522219<BR>Marker: pink_blank"
"2.3522219000000004","48.856614","http://france.ihollaback.org/2013/11/11/momo-voyager-lesprit-tranquille/","ID: 12136<BR>Last.Updated: 11/12/2013 13:22:26<BR>Title: Momo – “Voyager l’esprit tranquille”<BR>Type: other<BR>Story: Cherchant un renseignement concernant l&<BR>Location: 48.856614<BR>Longitude: 2.3522219<BR>Marker: pink_blank"
"2.3522219000000004","48.856614","http://france.ihollaback.org/2013/12/01/cam-je-men-veux-je-me-dis-que-je-suis-conne-sans-savoir-quelle-attitude-jaurais-du-avoir/","ID: 12294<BR>Last.Updated: 12/1/2013 17:44:03<BR>Title: Cam : “Je m’en veux, je me dis que je suis conne, sans savoir quelle attitude j’aurais dû avoir”<BR>Type: stalking,verbal<BR>Story: Hier soir, je suis allée dans un bar ave<BR>Location: 48.856614<BR>Longitude: 2.3522219<BR>Marker: pink_blank"
"2.3575194","48.8251169","http://france.ihollaback.org/2013/12/23/iris-je-sais-que-la-prochaine-fois-ne-se-passera-pas-comme-ca/","ID: 12536<BR>Last.Updated: 12/24/2013 8:36:09<BR>Title: Iris : “Je sais que la prochaine fois ne se passera pas comme ça.”<BR>Type: assault<BR>Story: J&apos;ai pris conscience du harcèlement<BR>Location: 48.8251169<BR>Longitude: 2.3575194<BR>Marker: pink_blank"
"2.327058","48.828198","http://france.ihollaback.org/2013/12/26/col-ca-a-fait-comme-un-electrochoc-4-hommes-se-sont-leves-et-mon-accompagnee/","ID: 12593<BR>Last.Updated: 12/27/2013 5:12:44<BR>Title: Col : “Ça a fait comme un électrochoc, 4 hommes se sont levés et mon accompagnée”<BR>Type: assault<BR>Story: C&apos;était il y a 3 ans maintenant, li<BR>Location: 48.828198<BR>Longitude: 2.327058<BR>Marker: grn_blank"
"2.3522219000000004","48.856614","http://www.ihollaback.org/blog/2013/12/20/ligne4s-story-creeper-on-the-subway/","ID: 12496<BR>Last.Updated: 1/2/2014 11:35:49<BR>Title: Ligne4′s Story: Creeper on the subway<BR>Type: assault,other<BR>Story: I was sitting in the subway, checking my<BR>Location: 48.856614<BR>Longitude: 2.3522219<BR>Marker: pink_blank"
"2.3463808","48.8624803","http://france.ihollaback.org/2014/01/10/alma-ses-potes-se-sont-mis-a-rire-lont-traite-dimbecile-et-se-sont-excuses-a-sa-place/","ID: 12828<BR>Last.Updated: 1/12/2014 12:32:34<BR>Title: Alma : “Ses potes se sont mis à rire, l’ont traité d’imbécile et se sont excusés à sa place”<BR>Type: verbal<BR>Story: J&apos;ai toujours habité à Paris et j&a<BR>Location: 48.8624803<BR>Longitude: 2.3463808<BR>Marker: pink_blank"
"2.3518339","48.8434912","http://www.ihollaback.org/blog/2014/01/09/alexs-story-i-was-so-shocked/","ID: 12800<BR>Last.Updated: 1/10/2014 10:08:23<BR>Title: Alex’s Story: “I was so shocked”<BR>Type: groping<BR>Story: I was working in Paris and my best frien<BR>Location: 48.8434912<BR>Longitude: 2.3518339<BR>Marker: pink_blank"
"2.357203","48.826286","http://france.ihollaback.org/2014/01/08/iris-en-plus-de-faire-une-bonne-action-cest-un-excellent-moyen-pour-renforcer-sa-confiance-en-soi/","ID: 12784<BR>Last.Updated: 1/11/2014 4:28:24<BR>Title: Iris : “En plus de faire une bonne action, c’est un excellent moyen pour renforcer sa confiance en soi”<BR>Type: verbal<BR>Story: J&apos;ai déjà raconté ici deux anecdote<BR>Location: 48.826286<BR>Longitude: 2.357203<BR>Marker: grn_blank"
"2.3749211000000003","48.8651015","http://france.ihollaback.org/2014/01/10/marie-il-revient-plusieurs-fois-toujours-plus-insistant-et-reclame-des-bisous/","ID: 12829<BR>Last.Updated: 1/12/2014 12:37:27<BR>Title: Marie : “Il revient plusieurs fois, toujours plus insistant, et réclame des bisous “<BR>Type: homophobic,verbal<BR>Story: Bonjour à tous et à toutes!<BR><BR>Mon histoir<BR>Location: 48.8651015<BR>Longitude: 2.3749211<BR>Marker: pink_blank"
"2.376947","48.872083","http://france.ihollaback.org/2014/01/18/marie-marin-au-moment-ou-je-reagis-une-fille-sexclame-il-a-fait-ca-avec-moi-tout-a-lheure/","ID: 12938<BR>Last.Updated: 1/20/2014 14:08:48<BR>Title: marie-marin : “Au moment où je réagis une fille s’exclame ‘il a fait ça avec moi tout à l’heure!’”<BR>Type: groping<BR>Story: Dans la ligne 11, metro Belleville. Il m<BR>Location: 48.872083<BR>Longitude: 2.376947<BR>Marker: pink_blank"
"2.3522219000000004","48.856614","http://france.ihollaback.org/2014/01/22/juliette-et-tout-de-suite-vous-netes-plus-la-proie/","ID: 12957<BR>Last.Updated: 1/24/2014 14:46:20<BR>Title: Juliette : “Et tout de suite vous n’êtes plus la proie”<BR>Type: groping,verbal<BR>Story: En arrivant à Paris à 17 ans pour mes ét<BR>Location: 48.856614<BR>Longitude: 2.3522219<BR>Marker: pink_blank"
"2.3216443","48.8857606","http://france.ihollaback.org/2014/01/26/tatiana-et-un-hotel-avec-moi-aller-viens-avec-moi-aller/","ID: 12986<BR>Last.Updated: 1/27/2014 16:11:19<BR>Title: Tatiana – “Et un hôtel avec moi ? Aller, viens avec moi, aller”<BR>Type: stalking,verbal<BR>Story: Il est 6h du matin, des gens vont prendr<BR>Location: 48.8857606<BR>Longitude: 2.3216443<BR>Marker: pink_blank"
"2.3522219000000004","48.856614","http://france.ihollaback.org/2014/01/31/angie-quand-arreterons-nous-enfin-de-considerer-des-attouchements-non-souhaites-comme-pas-si-grave/","ID: 13021<BR>Last.Updated: 2/2/2014 2:41:33<BR>Title: Angie : “Quand arrêterons-nous enfin de considérer des attouchements non souhaités comme ‘pas si grave’?”<BR>Type: assault,groping<BR>Story: Un soir, aux environs de 23h. Je suis as<BR>Location: 48.856614<BR>Longitude: 2.3522219<BR>Marker: pink_blank"
"2.377319","48.8341379","http://france.ihollaback.org/2014/02/13/jeanne-je-fais-quelque-chose-que-je-naurais-jamais-pense-faire-je-me-retourne-et-je-les-defie-du-regard/","ID: 13133<BR>Last.Updated: 2/16/2014 11:33:25<BR>Title: Jeanne : “Je fais quelque chose que je n’aurais jamais pensé faire : je me retourne et je les défie du regard”<BR>Type: stalking<BR>Story: Le soir, vers minuit, sortie de bar. En<BR>Location: 48.8341379<BR>Longitude: 2.377319<BR>Marker: pink_blank"
"2.3522219000000004","48.856614","http://france.ihollaback.org/2014/02/23/bea-il-me-dit-quil-sattendait-a-recevoir-plutot-une-baffe-et-finalement-on-a-ri/","ID: 13207<BR>Last.Updated: 2/23/2014 7:15:49<BR>Title: Béa : “Il me dit qu’il s’attendait à recevoir plutôt une baffe… et finalement, on a ri”<BR>Type: verbal<BR>Story: Comment ça aurait dû être choquant et co<BR>Location: 48.856614<BR>Longitude: 2.3522219<BR>Marker: pink_blank"
"2.3519845","48.8522144","http://france.ihollaback.org/2014/02/27/x-pendant-toute-la-duree-de-la-promenade-il-ma-suivie-et-a-continue-a-me-faire-la-conversation/","ID: 13232<BR>Last.Updated: 3/2/2014 7:13:54<BR>Title: X. : “Pendant toute la durée de la promenade, il m’a suivie et a continué à me faire la conversation”<BR>Type: stalking,verbal<BR>Story: Mon histoire est basique. Mais elle me f<BR>Location: 48.8522144<BR>Longitude: 2.3519845<BR>Marker: pink_blank"
"2.3522219000000004","48.856614","http://france.ihollaback.org/2014/02/23/bea-il-colle-violemment-sa-main-sa-main-sur-mon-pubis-et-continue-son-chemin/","ID: 13208<BR>Last.Updated: 3/2/2014 6:49:03<BR>Title: Béa : “Il colle violemment sa main sa main sur mon pubis et continue son chemin”<BR>Type: assault,groping,stalking<BR>Story: J&apos;ai alors 17 ans, j&apos;en pleure<BR>Location: 48.856614<BR>Longitude: 2.3522219<BR>Marker: pink_blank"
"2.385999","48.87497820000001","http://france.ihollaback.org/2014/03/02/marianne-je-lattrape-par-le-bras-lui-dit-viens-et-lamene-avec-moi/","ID: 13253<BR>Last.Updated: 3/2/2014 7:41:41<BR>Title: Marianne : “Je l’attrape par le bras, lui dit ‘viens’, et l’amène avec moi”<BR>Type: other<BR>Story: Dans une petite rue de Paris, un garçon<BR>Location: 48.8749782<BR>Longitude: 2.385999<BR>Marker: grn_blank"
"2.3522219000000004","48.856614","http://france.ihollaback.org/2014/03/08/elo-jen-ai-marre-detre-la-cible-dinsultes-a-caractere-sexuel-a-chaque-fois-quun-plouc-a-envie-de-se-marrer/","ID: 13307<BR>Last.Updated: 3/9/2014 16:26:07<BR>Title: Elo : “J’en ai marre d’être la cible d’insultes à caractère sexuel à chaque fois qu’un plouc a envie de se marrer”<BR>Type: verbal<BR>Story: Les gens autour de moi, surtout les garç<BR>Location: 48.856614<BR>Longitude: 2.3522219<BR>Marker: pink_blank"
"2.3996275","48.849417800000005","http://france.ihollaback.org/2014/03/09/clementine-ce-nest-pas-normal-pour-une-jeune-adolescente-de-se-faire-harceler-sexuellement-ce-nest-pas-normal-de-se-sentir-obligee-de-changer-physiquement/","ID: 13324<BR>Last.Updated: 3/9/2014 16:35:43<BR>Title: Clémentine : “Ce n’est pas normal pour une jeune adolescente de se faire harceler sexuellement, ce n’est pas normal de se sentir obligée de changer physiquement”<BR>Type: groping,homophobic,verbal<BR>Story: A 11 ans j&apos;étais amoureuse d&apos;u<BR>Location: 48.8494178<BR>Longitude: 2.3996275<BR>Marker: pink_blank"
"2.3419673","48.882409","http://www.ihollaback.org/blog/2014/03/11/holla-on-the-go-harassed-on-the-street/","ID: 13377<BR>Last.Updated: 3/14/2014 10:46:04<BR>Title: HOLLA ON THE GO: Harassed on the street<BR>Type: Verbal<BR>Story: Je marche sur le bd Rochechouart entre P<BR>Location: 48.882409<BR>Longitude: 2.3419673<BR>Marker: pink_blank"
"2.3522219000000004","48.856614","http://france.ihollaback.org/2014/03/16/melanie-il-mattrape-le-bras-me-secoue-jhurle-jose-hurler-jai-peur/","ID: 13428<BR>Last.Updated: 3/16/2014 16:59:40<BR>Title: Mélanie : “Il m’attrape le bras. Me secoue. J’hurle, j’ose hurler, j’ai peur.”<BR>Type: assault,stalking,verbal<BR>Story: J&apos;allais a la gare d&apos;Austerlit<BR>Location: 48.856614<BR>Longitude: 2.3522219<BR>Marker: pink_blank"
"2.3351056","48.8858615","http://france.ihollaback.org/2014/03/16/aurelien-cest-a-ce-moment-que-jai-commence-a-prendre-le-harcelement-de-rue-au-serieux/","ID: 13429<BR>Last.Updated: 3/16/2014 17:05:01<BR>Title: Aurélien : “C’est à ce moment que j’ai commencé à prendre le harcèlement de rue au sérieux.”<BR>Type: stalking<BR>Story: Ma petite amie rentrait de chez une amie<BR>Location: 48.8858615<BR>Longitude: 2.3351056<BR>Marker: grn_blank"
"2.3522219000000004","48.856614","http://france.ihollaback.org/2014/03/17/elise76-je-vois-le-taxi-qui-arrive-dans-mon-sens-qui-roule-tout-doucement/","ID: 13449<BR>Last.Updated: 3/17/2014 15:02:24<BR>Title: Elise76: “Je vois le taxi qui arrive dans mon sens, qui roule tout doucement”<BR>Type: stalking<BR>Story: Ma première histoire s&apos;est passée i<BR>Location: 48.856614<BR>Longitude: 2.3522219<BR>Marker: pink_blank"
"2.3522219000000004","48.856614","http://france.ihollaback.org/2014/03/17/lina-jai-honte-de-ne-pas-avoir-su-dire-non-je-ne-donne-pas-mon-numero-aux-inconnus/","ID: 13447<BR>Last.Updated: 3/17/2014 14:52:11<BR>Title: Lina : “J’ai honte de ne pas avoir su dire ‘Non, je ne donne pas mon numéro aux inconnus’”<BR>Type: groping,stalking<BR>Story: Je suis adolescente, n&apos;ai pas encor<BR>Location: 48.856614<BR>Longitude: 2.3522219<BR>Marker: pink_blank"
"2.3522219000000004","48.856614","http://france.ihollaback.org/2014/03/16/justine-cest-en-lisant-des-recits-dautres-jeunes-filles-et-femmes-que-je-me-sens-le-plus-revoltee/","ID: 13430<BR>Last.Updated: 3/16/2014 17:10:15<BR>Title: Justine : “C’est en lisant des récits d’autres jeunes filles et femmes que je me sens le plus révoltée”<BR>Type: assault,groping,stalking,verbal<BR>Story: Je me suis installée à Paris pour mes ét<BR>Location: 48.856614<BR>Longitude: 2.3522219<BR>Marker: pink_blank"
"2.354988","48.880582","http://france.ihollaback.org/2014/03/23/cs-les-hommes-trouvent-ca-normal-de-nous-regarder-de-haut-en-bas-comme-si-nous-etions-a-leur-disposition/","ID: 13524<BR>Last.Updated: 3/23/2014 17:37:10<BR>Title: CS: “Les hommes trouvent ça normal de nous regarder de haut en bas comme si nous étions à leur disposition”<BR>Type: verbal<BR>Story: Cela fait une bonne heure que je lis vos<BR>Location: 48.880582<BR>Longitude: 2.354988<BR>Marker: pink_blank"
"2.3522219000000004","48.856614","http://france.ihollaback.org/2014/03/23/laure-est-ce-normal-davoir-mal-au-ventre-quand-on-croise-un-homme-sur-le-meme-trottoir/","ID: 13522<BR>Last.Updated: 3/23/2014 17:28:39<BR>Title: Laure : “Est-ce normal d’avoir mal au ventre quand on croise un homme sur le même trottoir ?”<BR>Type: assault,racist,verbal<BR>Story: Paris, Gare du Nord, une après-midi &quo<BR>Location: 48.856614<BR>Longitude: 2.3522219<BR>Marker: pink_blank"
"2.3522219000000004","48.856614","http://brussels.ihollaback.org/2014/03/26/histoire-julie-train-paris-france-2/","ID: 13550<BR>Last.Updated: 3/27/2014 7:21:45<BR>Title: Julie: “Ça fait mal, je lui dis d’arrêter de me toucher, ivre de colère”<BR>Type: assault,groping,verbal<BR>Story: &lt;p style=&quot;text-align: justify&qu<BR>Location: 48.856614<BR>Longitude: 2.3522219<BR>Marker: pink_blank"
"2.415409","48.865108","http://france.ihollaback.org/2014/03/24/sego-je-sens-le-grain-de-nerf-qui-monte-qui-monte-trop-cest-trop/","ID: 13531<BR>Last.Updated: 3/27/2014 16:33:03<BR>Title: Sego : “Je sens le grain de nerf qui monte, qui monte, trop c’est trop”<BR>Type: other<BR>Story: Je rentre de soirée vers 22h30, un vendr<BR>Location: 48.865108<BR>Longitude: 2.415409<BR>Marker: grn_blank"
"2.3345962","48.8672979","http://france.ihollaback.org/2014/03/28/katrina/","ID: 13577<BR>Last.Updated: 3/30/2014 5:27:19<BR>Title: Katrina – “J’aime bien les rousses! J’aime bien quand ça pue!”<BR>Type: verbal,other<BR>Story: Je devais récupérer un colis Rue Massign<BR>Location: 48.8672979<BR>Longitude: 2.3345962<BR>Marker: pink_blank"
"2.3371109","48.83305930000001","","ID: 13719<BR>Last.Updated: 4/8/2014 7:55:08<BR>Title: Lara: “je choisis l’option “ignorer et tracer ma route”\"",verbal""<BR>Type: &lt;p style=&quot;text-align: justify&qu<BR>Story: http://brussels.ihollaback.org/2014/04/07/histoire-lara-paris-rue-saint-jacques-2/<BR>Location: 48.8330593<BR>Longitude: 2.3371109<BR>Marker: pink_blank"
"2.3818938","48.850358","http://www.ihollaback.org/blog/2014/04/06/holla-on-the-go-surrounded-by-creepers/","ID: 13685<BR>Last.Updated: 4/8/2014 17:39:15<BR>Title: HOLLA ON THE GO: Surrounded by creepers<BR>Type: Verbal<BR>Story: Three large men surrounded me while I wa<BR>Location: 48.850358<BR>Longitude: 2.3818938<BR>Marker: pink_blank"
"2.2944813","48.8583701","http://france.ihollaback.org/2014/04/17/ilou-lun-dentre-eux-a-pris-ma-tete-dans-ses-mains-et-ma-embrassee-de-force/","ID: 13850<BR>Last.Updated: 4/20/2014 6:30:33<BR>Title: !ilou : “L’un d’entre eux a pris ma tête dans ses mains et m’a embrassée de force”<BR>Type: assault,groping<BR>Story: Le jour de l&apos;An sous la Tour Eiffel<BR>Location: 48.8583701<BR>Longitude: 2.2944813<BR>Marker: pink_blank"
"2.349508","48.88376","http://france.ihollaback.org/2014/04/18/aude-il-explique-que-des-connassessalopes-pareilles-il-faut-les-enculer-a-sec-sans-vaseline/","ID: 13868<BR>Last.Updated: 4/20/2014 6:33:01<BR>Title: aude : “Il explique que des connasses/salopes pareilles il faut les enculer à sec, sans vaseline”<BR>Type: verbal<BR>Story: Dans le métro, un homme parle fort au té<BR>Location: 48.88376<BR>Longitude: 2.349508<BR>Marker: grn_blank"
"2.3963344","48.879203100000005","http://france.ihollaback.org/2014/04/19/isabelle-il-vient-magripper-a-la-gorge-en-exigeant-que-je-dise-pardon/","ID: 13889<BR>Last.Updated: 4/20/2014 6:39:28<BR>Title: Isabelle : “Il vient m’agripper à la gorge, en exigeant que je dise pardon”<BR>Type: assault,stalking,verbal<BR>Story: Je rentre de boite, je suis avec une ami<BR>Location: 48.8792031<BR>Longitude: 2.3963344<BR>Marker: pink_blank"
"2.3522219000000004","48.856614","http://france.ihollaback.org/2014/04/28/marie-jy-repense-tout-le-temps-et-des-quon-me-parle-dans-la-rue-jai-le-coeur-qui-bat-chaque-insulte-magresse-bien-plus-quavant/","ID: 13988<BR>Last.Updated: 4/29/2014 14:18:38<BR>Title: Marie : “J’y repense tout le temps et dès qu’on me parle dans la rue j’ai le coeur qui bat, chaque insulte m’agresse bien plus qu’avant.”<BR>Type: groping,stalking<BR>Story: Des histoires glauques d&apos;hommes qui<BR>Location: 48.856614<BR>Longitude: 2.3522219<BR>Marker: pink_blank"
"2.2764889","48.8636111","http://brussels.ihollaback.org/2014/05/02/histoire-margaux-paris-france-16ieme-2/","ID: 14026<BR>Last.Updated: 5/3/2014 5:25:51<BR>Title: Margaux: “d’une voix tremblante je lui dis : “ça va pas ? ça va pas dans votre tête, vous avez pas honte ?””<BR>Type: groping<BR>Story: &lt;p style=&quot;text-align: justify&qu<BR>Location: 48.8636111<BR>Longitude: 2.2764889<BR>Marker: pink_blank"
"2.3522219000000004","48.856614","http://france.ihollaback.org/2014/05/01/anonyme-je-nai-pas-reussi-a-dire-quoi-que-ce-soit-le-lendemain-il-a-fait-comme-si-de-rien-netait-et-moi-non-plus/","ID: 14012<BR>Last.Updated: 5/4/2014 16:12:42<BR>Title: Anonyme: “Je n’ai pas réussi à dire quoi que ce soit. Le lendemain, il a fait comme si de rien n’était et moi non plus.”<BR>Type: groping,other<BR>Story: C&apos;était une soirée il y a quelques<BR>Location: 48.856614<BR>Longitude: 2.3522219<BR>Marker: pink_blank"
"2.347","48.86189300000001","http://france.ihollaback.org/2014/05/01/_ptigrou-deposer-plainte-pour-raconter-mon-histoire-a-un-mec-qui-nen-aura-rien-a-faire-pensant-que-jexagere/","ID: 14021<BR>Last.Updated: 5/4/2014 16:30:00<BR>Title: @_ptigrou : “Déposer plainte pour raconter mon histoire à un mec qui n’en aura rien à faire, pensant que j’exagère?”<BR>Type: assault,stalking,verbal<BR>Story: 4h du matin passées, je sors d&apos;une<BR>Location: 48.861893<BR>Longitude: 2.347<BR>Marker: pink_blank"
"2.3333285","48.8537981","http://france.ihollaback.org/2014/05/15/maya-je-sens-la-colere-qui-monte-en-moi-putain-mais-je-veux-quon-me-foute-la-paix/","ID: 14090<BR>Last.Updated: 5/17/2014 14:45:15<BR>Title: Maya : “Je sens la colère qui monte en moi. Putain mais je veux qu’on me foute la paix!”<BR>Type: assault,groping,racist,verbal<BR>Story: J&apos;ai été victime de nombreuses agre<BR>Location: 48.8537981<BR>Longitude: 2.3333285<BR>Marker: pink_blank"
"2.3672169","48.8721856","http://france.ihollaback.org/2014/05/14/aurelien-je-me-suis-souvent-fait-agresser-pourtant-ce-simple-petit-fait-divers-ma-beaucoup-plus-atteint/","ID: 14082<BR>Last.Updated: 5/17/2014 14:33:41<BR>Title: Aurélien : “Je me suis souvent fait agresser, pourtant ce simple petit fait divers m’a beaucoup plus atteint”<BR>Type: other<BR>Story: Il y a trois semaines , je rentrais chez<BR>Location: 48.8721856<BR>Longitude: 2.3672169<BR>Marker: grn_blank"
"2.3522219000000004","48.856614","http://france.ihollaback.org/2014/05/16/charlotte-a-defaut-dagir-dans-laction-parce-que-nous-avons-peur-nous-pouvons-agir-tous-les-jours/","ID: 14105<BR>Last.Updated: 5/17/2014 14:50:25<BR>Title: Charlotte : “A défaut d’agir dans l’action parce que nous avons peur, nous pouvons agir tous les jours”<BR>Type: assault,groping,stalking,verbal<BR>Story: &quot;Tu sais que t’as une bouche de suc<BR>Location: 48.856614<BR>Longitude: 2.3522219<BR>Marker: pink_blank"
"2.3522219000000004","48.856614","http://france.ihollaback.org/2014/05/18/lena-apartir-du-moment-ou-je-suis-sortie-seule-je-me-suis-faite-interpelee-cinq-fois/","ID: 14124<BR>Last.Updated: 5/20/2014 13:32:11<BR>Title: Lena: “Apartir du moment où je suis sortie seule, je me suis faite interpelée… cinq fois!”<BR>Type: verbal<BR>Story: Des histoires de harcèlement, je pourrai<BR>Location: 48.856614<BR>Longitude: 2.3522219<BR>Marker: pink_blank"
"2.3522219000000004","48.856614","http://brussels.ihollaback.org/2014/05/25/historie-marie-paris-france-2/","ID: 14204<BR>Last.Updated: 5/27/2014 6:56:42<BR>Title: Marie: “Être suivie en voiture, je pense que c’est une des choses les plus effrayantes pour les femmes”<BR>Type: stalking<BR>Story: &lt;p style=&quot;text-align: justify&qu<BR>Location: 48.856614<BR>Longitude: 2.3522219<BR>Marker: pink_blank"
"2.3639713","48.8429196","http://france.ihollaback.org/2014/05/20/lara-quand-un-chat-se-sent-menace-il-crache-et-met-un-violent-coup-de-griffes-faisons-pareil/","ID: 14139<BR>Last.Updated: 5/25/2014 14:31:28<BR>Title: Lara : “Quand un chat se sent menacé, il crache et met un violent coup de griffes. Faisons pareil!”<BR>Type: stalking<BR>Story: 13h30. Je marchais vers l&apos;Hôpital d<BR>Location: 48.8429196<BR>Longitude: 2.3639713<BR>Marker: pink_blank"
"2.3179735","48.860069","http://france.ihollaback.org/2014/05/23/adele-la-bulle-de-ma-sphere-privee-a-encore-eclate-ce-matin/","ID: 14181<BR>Last.Updated: 5/25/2014 14:57:57<BR>Title: Adèle : “La bulle de ma sphère privée a encore éclaté ce matin.”<BR>Type: verbal<BR>Story: 9h58, je suis en retard, mal dormi, enco<BR>Location: 48.860069<BR>Longitude: 2.3179735<BR>Marker: pink_blank"
"2.3576777","48.825024000000006","http://france.ihollaback.org/2014/05/27/lucie-je-me-sens-mal-je-nose-meme-pas-lengueuler-cest-un-adulte-qui-a-lair-dun-enfant/","ID: 14227<BR>Last.Updated: 5/28/2014 13:15:50<BR>Title: Lucie : “Je me sens mal, je n’ose même pas l’engueuler, c’est un adulte qui a l’air d’un enfant”<BR>Type: verbal,other<BR>Story: Un homme en fauteuil roulant s&apos;appr<BR>Location: 48.825024<BR>Longitude: 2.3576777<BR>Marker: pink_blank"
"2.3066134","48.8267484","http://france.ihollaback.org/2014/05/23/clara-he-jtai-dit-tes-belle-reponds-sale-pute/","ID: 14186<BR>Last.Updated: 5/25/2014 15:00:03<BR>Title: Clara – “Hé j’t’ai dit t’es belle, réponds sale pute!”<BR>Type: verbal<BR>Story: Je marchais dans la rue lorsqu&apos;un h<BR>Location: 48.8267484<BR>Longitude: 2.3066134<BR>Marker: pink_blank"
"2.3602136","48.8579796","http://brussels.ihollaback.org/2014/06/02/histoire-anonyme-busn36-paris-france-2/","ID: 14340<BR>Last.Updated: 6/2/2014 19:00:44<BR>Title: Anonyme: “J’explose.”<BR>Type: Other<BR>Story: &lt;p style=&quot;text-align: justify&qu<BR>Location: 48.8579796<BR>Longitude: 2.3602136<BR>Marker: pink_blank"
"2.3642765","48.8836151","http://france.ihollaback.org/2014/06/02/elsa-il-ma-frappee-au-poing-sur-le-crane/","ID: 14330<BR>Last.Updated: 6/3/2014 15:09:15<BR>Title: Elsa: “Il m’a frappée au poing sur le crâne”<BR>Type: assault,verbal<BR>Story: C&apos;était le mois de juillet 2013, un<BR>Location: 48.8836151<BR>Longitude: 2.3642765<BR>Marker: pink_blank"
"2.322181","48.866853","http://france.ihollaback.org/2014/06/02/lola-aller-vers-eux-en-les-mettant-dans-une-posture-chevaleresque-ca-peut-tout-changer/","ID: 14334<BR>Last.Updated: 6/3/2014 15:24:44<BR>Title: Lola : “Aller vers eux en les mettant dans une posture ‘chevaleresque’ ça peut tout changer”<BR>Type: other<BR>Story: C&apos;était il y a deux ans, je rentrai<BR>Location: 48.866853<BR>Longitude: 2.322181<BR>Marker: pink_blank"
"2.3555556","48.8322222","http://france.ihollaback.org/2014/06/03/audrey-je-dois-crier-non-laissez-moi-tranquille-pour-quenfin-il-seloigne/","ID: 14384<BR>Last.Updated: 6/7/2014 13:17:07<BR>Title: Audrey: “Je dois crier ‘NON, LAISSEZ MOI TRANQUILLE’ pour qu’enfin il s’éloigne”<BR>Type: verbal<BR>Story: Aujourd&apos;hui, en faisant mon marché,<BR>Location: 48.8322222<BR>Longitude: 2.3555556<BR>Marker: pink_blank"
"2.3002917","48.8413278","http://france.ihollaback.org/2014/06/03/elia-quelquun-derriere-moi-me-prend-la-fesse-a-pleines-mains-vigoureusement/","ID: 14392<BR>Last.Updated: 6/7/2014 13:34:40<BR>Title: Elia: “Quelqu’un derrière moi me prend la fesse à pleines mains, vigoureusement”<BR>Type: groping<BR>Story: Je rentre du bureau en marchant dans la<BR>Location: 48.8413278<BR>Longitude: 2.3002917<BR>Marker: pink_blank"
"2.333144","48.883646","http://france.ihollaback.org/2014/06/04/camille-je-me-demande-jusquou-il-aurait-pu-aller-sans-que-personne-nintervienne/","ID: 14414<BR>Last.Updated: 6/9/2014 12:29:10<BR>Title: Camille : “Je me demande jusqu’où il aurait pu aller sans que personne n’intervienne.”<BR>Type: verbal<BR>Story: L&apos;année dernière, un samedi vers 16<BR>Location: 48.883646<BR>Longitude: 2.333144<BR>Marker: pink_blank"
"2.3522219000000004","48.856614","http://france.ihollaback.org/2014/06/07/leis-il-essaye-alors-de-membrasser-sur-la-bouche-et-de-surprise-je-nai-pas-reagi-a-temps/","ID: 14464<BR>Last.Updated: 6/9/2014 15:49:16<BR>Title: Leïs : “Il essaye alors de m’embrasser sur la bouche, et de surprise, je n’ai pas réagi à temps”<BR>Type: assault,groping,stalking,verbal<BR>Story: Après avoir lu plusieurs témoignages, pl<BR>Location: 48.856614<BR>Longitude: 2.3522219<BR>Marker: pink_blank"
"2.327058","48.828198","http://france.ihollaback.org/2014/06/08/lara-il-me-lance-un-tes-booonne/","ID: 14480<BR>Last.Updated: 6/9/2014 16:25:56<BR>Title: Lara : “Il me lance un ‘T’es booonne!’”<BR>Type: verbal<BR>Story: C&apos;est arrivé le 16 mai 2014. En ren<BR>Location: 48.828198<BR>Longitude: 2.327058<BR>Marker: pink_blank"
"2.322831","48.842944","http://france.ihollaback.org/2014/06/07/lara-jai-pas-mes-regles-moi-jai-pas-la-pompe-a-sang-la/","ID: 14475<BR>Last.Updated: 6/9/2014 16:10:14<BR>Title: Lara – “J’ai pas mes règles, moi! J’ai pas la pompe à sang, là!”<BR>Type: stalking,verbal<BR>Story: J&apos;attends le métro à Châtelet : 1h<BR>Location: 48.842944<BR>Longitude: 2.322831<BR>Marker: pink_blank"
"2.354988","48.880582","http://france.ihollaback.org/2014/06/07/elodie-je-mhabille-comme-je-le-veux-et-je-ne-suis-pas-responsable-du-harcelement-dont-jai-ete-victime/","ID: 14465<BR>Last.Updated: 6/9/2014 15:53:46<BR>Title: Elodie : “Je m’habille comme je le veux et je ne suis pas responsable du harcèlement dont j’ai été victime!”<BR>Type: assault,groping,stalking<BR>Story: Je suis une étudiante qui vient de finir<BR>Location: 48.880582<BR>Longitude: 2.354988<BR>Marker: pink_blank"
"2.297916","48.849047","http://france.ihollaback.org/2014/06/04/ju-je-ne-me-serais-pas-doutee-que-je-pouvais-me-faire-harceler-par-une-fille/","ID: 14426<BR>Last.Updated: 6/9/2014 12:50:05<BR>Title: Ju : “Je ne me serais pas doutée que je pouvais me faire harceler par une fille”<BR>Type: verbal<BR>Story: Il était 13h, la ligne 13 était bondée (<BR>Location: 48.849047<BR>Longitude: 2.297916<BR>Marker: pink_blank"
"2.3522219000000004","48.856614","http://france.ihollaback.org/2014/06/07/justine-il-commence-a-me-bloquer-avec-ses-bras-pour-que-je-reste-assise-a-me-serrer-me-coller/","ID: 14461<BR>Last.Updated: 6/9/2014 13:14:41<BR>Title: Justine : “Il commence à me bloquer avec ses bras pour que je reste assise, à me serrer, me coller”<BR>Type: assault,stalking,verbal<BR>Story: On m&apos;accoste souvent. J&apos;ai à c<BR>Location: 48.856614<BR>Longitude: 2.3522219<BR>Marker: pink_blank"
"2.3522219000000004","48.856614","http://www.ihollaback.org/blog/2014/06/07/maryams-story-i-felt-embarrassed/","ID: 14470<BR>Last.Updated: 6/9/2014 14:34:35<BR>Title: Maryam’s Story: “I Felt Embarrassed”<BR>Type: verbal<BR>Story: Sooo... Sexual harassment was something<BR>Location: 48.856614<BR>Longitude: 2.3522219<BR>Marker: pink_blank"
"2.325271","48.876683","http://france.ihollaback.org/2014/06/09/lyloouh-je-ne-comprends-pas-que-les-hommes-puissent-simaginer-quune-femme-ne-shabille-que-pour-attirer-et-provoquer-leur-regard/","ID: 14491<BR>Last.Updated: 6/9/2014 16:31:54<BR>Title: Lyloouh : “Je ne comprends pas que les hommes puissent s’imaginer qu’une femme ne s’habille que pour attirer et provoquer leur regard”<BR>Type: groping,stalking,verbal,other<BR>Story: Je me baladais tranquillement dans les r<BR>Location: 48.876683<BR>Longitude: 2.325271<BR>Marker: pink_blank"
"2.3522219000000004","48.856614","http://france.ihollaback.org/2014/06/10/melissa-cetait-la-premiere-fois-que-quelquun-reagissait-et-maidait/","ID: 14510<BR>Last.Updated: 6/14/2014 3:58:07<BR>Title: Mélissa : “C’était la première fois que quelqu’un réagissait et m’aidait”<BR>Type: verbal<BR>Story: Bonjour !<BR><BR>Comme beaucoup, j&apos;ai sub<BR>Location: 48.856614<BR>Longitude: 2.3522219<BR>Marker: pink_blank"
"2.3522219000000004","48.856614","http://france.ihollaback.org/2014/06/13/claire-meme-enceinte-les-remarques-et-les-regards-fusent/","ID: 14551<BR>Last.Updated: 6/14/2014 4:23:30<BR>Title: Claire : “Même enceinte les remarques et les regards fusent!”<BR>Type: assault,groping,stalking,verbal,other<BR>Story: Bonjour!<BR><BR>Parisienne depuis toujours, j&<BR>Location: 48.856614<BR>Longitude: 2.3522219<BR>Marker: pink_blank"
"2.3522219000000004","48.856614","http://france.ihollaback.org/2014/06/11/salome-je-suis-tetanisee-et-nose-pas-bouger-je-tremble/","ID: 14520<BR>Last.Updated: 6/14/2014 4:04:11<BR>Title: Salomé : “Je suis tétanisée et n’ose pas bouger, je tremble.”<BR>Type: groping<BR>Story: C&apos;était il y a deux ans et c&apos;é<BR>Location: 48.856614<BR>Longitude: 2.3522219<BR>Marker: pink_blank"
"2.3154853","48.8314746","http://france.ihollaback.org/2014/06/14/elodie-tous-les-jours-des-mains-baladeuses-jai-demisionne/","ID: 14566<BR>Last.Updated: 6/14/2014 4:51:14<BR>Title: Elodie : “Tous les jours, des mains baladeuses. J’ai démisionné”<BR>Type: groping<BR>Story: J&apos;ai été serveuse dans un café à Pa<BR>Location: 48.8314746<BR>Longitude: 2.3154853<BR>Marker: pink_blank"
"2.359927","48.868191","http://france.ihollaback.org/2014/06/19/lari-besoin-dun-massage-mademoiselle/","ID: 14641<BR>Last.Updated: 6/21/2014 8:55:20<BR>Title: Lari – “Besoin d’un massage, mademoiselle?”<BR>Type: verbal<BR>Story: J&apos;étais assise sur une marche au so<BR>Location: 48.868191<BR>Longitude: 2.359927<BR>Marker: pink_blank"
"2.3522219000000004","48.856614","http://france.ihollaback.org/2014/06/17/clothilde-faut-il-avoir-en-permanence-lair-dun-teckel-hargneux-pour-ne-pas-se-faire-harceler/","ID: 14597<BR>Last.Updated: 6/21/2014 8:40:02<BR>Title: Clothilde : “Faut-il avoir en permanence l’air d’un teckel hargneux pour ne pas se faire harceler?”<BR>Type: verbal<BR>Story: Cette semaine j&apos;ai une série de ren<BR>Location: 48.856614<BR>Longitude: 2.3522219<BR>Marker: pink_blank"
"2.3522219000000004","48.856614","http://france.ihollaback.org/2014/06/19/alise-juste-pour-me-faire-un-peu-chier-il-etait-pret-a-me-rentrer-dedans/","ID: 14645<BR>Last.Updated: 6/21/2014 9:02:36<BR>Title: Alise : “Juste pour me faire un peu chier, il était prêt à me rentrer dedans.”<BR>Type: assault,verbal<BR>Story: Tout à l&apos;heure, je suis sortie fume<BR>Location: 48.856614<BR>Longitude: 2.3522219<BR>Marker: pink_blank"
"2.3818938","48.850358","http://france.ihollaback.org/2014/06/20/elise-je-suis-fiere-de-ne-pas-metre-ecrasee-de-ne-pas-avoir-eu-peur-ni-de-faire-un-scandale-ni-de-me-prendre-une-baffe/","ID: 14662<BR>Last.Updated: 6/21/2014 9:12:43<BR>Title: Elise : “Je suis fière de ne pas m’être écrasée, de ne pas avoir eu peur, ni de faire un scandale, ni de me prendre une baffe”<BR>Type: verbal<BR>Story: Je sors du cours de sport avec ma tenue<BR>Location: 48.850358<BR>Longitude: 2.3818938<BR>Marker: pink_blank"
"2.3474560000000007","48.858706","http://france.ihollaback.org/2014/06/23/elise76-il-etait-vraiment-entrain-de-se-brnler-juste-en-face-de-moi/","ID: 14687<BR>Last.Updated: 6/29/2014 4:47:26<BR>Title: Elise76 : “Il était vraiment en train de se br*nler! Juste en face de moi!”<BR>Type: other<BR>Story: J&apos;attendais ma sœur à la station Ch<BR>Location: 48.858706<BR>Longitude: 2.347456<BR>Marker: pink_blank"
"2.370687","48.882907","http://france.ihollaback.org/2014/06/28/marie-la-presence-de-la-police-a-ce-moment-la-etait-un-hasard-exceptionnel/","ID: 14756<BR>Last.Updated: 6/29/2014 6:07:11<BR>Title: Marie : “La présence de la police à ce moment-là était un hasard exceptionnel.”<BR>Type: assault,groping<BR>Story: Un vendredi en début de soirée, je suis<BR>Location: 48.882907<BR>Longitude: 2.370687<BR>Marker: pink_blank"
"2.4341723","48.8329471","http://france.ihollaback.org/2014/06/23/mimi-je-le-vois-baisser-son-short-et-commence-par-penser-quil-va-pisser/","ID: 14688<BR>Last.Updated: 6/29/2014 4:54:50<BR>Title: Mimi : “Je le vois baisser son short et commence par penser qu’il va pisser.”<BR>Type: assault,other<BR>Story: Samedi dernier j&apos;ai croisé pour la<BR>Location: 48.8329471<BR>Longitude: 2.4341723<BR>Marker: pink_blank"
"2.30825","48.869576","http://france.ihollaback.org/2014/06/29/aurelie-je-lui-en-veux-parce-quil-quil-a-contribue-a-faire-de-moi-une-jeune-femme-qui-se-mefie-des-hommes/","ID: 14759<BR>Last.Updated: 6/29/2014 6:11:49<BR>Title: Aurélie : “Je lui en veux parce qu’il qu’il a contribué à faire de moi une jeune femme qui se méfie des hommes”<BR>Type: assault<BR>Story: J’ai été victime d’un &quot;frotteur&quo<BR>Location: 48.869576<BR>Longitude: 2.30825<BR>Marker: pink_blank"
"2.3715603","48.8937196","http://france.ihollaback.org/2014/06/25/chloe-cest-pas-en-courant-que-jaimerais-vous-entendre-respirer-comme-ca-mademoiselle/","ID: 14718<BR>Last.Updated: 6/29/2014 5:25:01<BR>Title: Chloé – “C’est pas en courant que j’aimerais vous entendre respirer comme ça mademoiselle.”<BR>Type: verbal<BR>Story: Comme tous les ans depuis que j&apos;hab<BR>Location: 48.8937196<BR>Longitude: 2.3715603<BR>Marker: pink_blank"
"2.3522219000000004","48.856614","http://france.ihollaback.org/2014/06/26/jade-voici-quelques-histoires-que-jai-pu-vivre/","ID: 14729<BR>Last.Updated: 6/29/2014 5:54:59<BR>Title: Jade : “Voici quelques histoires que j’ai pu vivre.”<BR>Type: stalking,verbal<BR>Story: Je m&apos;appelle Jade, j&apos;ai 20 ans<BR>Location: 48.856614<BR>Longitude: 2.3522219<BR>Marker: pink_blank"
"2.3596971","48.884971","http://france.ihollaback.org/2014/06/29/lilou-je-lance-un-hey-indigne-mais-suis-incapable-de-reagir-davantage/","ID: 14766<BR>Last.Updated: 6/29/2014 15:36:23<BR>Title: Lilou : Je lance un ‘hey!’ indigné, mais suis incapable de réagir davantage.<BR>Type: groping<BR>Story: C&apos;est l&apos;été et il fait chaud,<BR>Location: 48.884971<BR>Longitude: 2.3596971<BR>Marker: pink_blank"
"2.3522219000000004","48.856614","http://www.ihollaback.org/blog/2014/06/30/blans-story-proud-but-afraid/","ID: 14770<BR>Last.Updated: 7/1/2014 13:36:21<BR>Title: Blan’s Story: Proud but Afraid<BR>Type: verbal<BR>Story: I was walking back home, and a young man<BR>Location: 48.856614<BR>Longitude: 2.3522219<BR>Marker: pink_blank"
"2.4066412","48.8599825","http://france.ihollaback.org/2014/07/02/charlotte-nhesitons-pas-a-en-parler-a-nos-commercants-notamment-lorsque-cela-est-recurrent-et-nous-empeche-dapprecier-notre-quartier/","ID: 14803<BR>Last.Updated: 7/6/2014 15:36:13<BR>Title: Charlotte : “N’hésitons pas à en parler à nos commerçants, notamment lorsque cela est récurrent et nous empêche d’apprécier notre quartier.”<BR>Type: assault,verbal<BR>Story: C’était il y a deux jours, il était 22h<BR>Location: 48.8599825<BR>Longitude: 2.4066412<BR>Marker: pink_blank"
"2.344444","48.847222","http://toronto.ihollaback.org/from-paris-with-love/","ID: 9683<BR>Last.Updated: 10/18/2014 4:11:41<BR>Title: From Paris with Love<BR>Type: assault,verbal<BR>Story: I decided to move to Paris, because it h<BR>Location: 48.847222<BR>Longitude: 2.344444<BR>Marker: pink_blank"
"2.3747668","48.8650806","http://www.ihollaback.org/blog/2014/10/31/kaitlyns-story-sadly-this-isnt-near-the-first-time/","ID: 18711<BR>Last.Updated: 10/31/2014 21:38:28<BR>Title: Kaitlyn’s Story: “Sadly this isn’t near the first time”<BR>Type: assault,stalking,verbal<BR>Story: The same night, I was followed down the<BR>Location: 48.8650806<BR>Longitude: 2.3747668<BR>Marker: pink_blank"
"2.3368743000000003","48.8545129","http://www.ihollaback.org/blog/2014/11/13/lisas-story-he-needs-to-respect-a-womans-no/","ID: 19375<BR>Last.Updated: 11/13/2014 10:41:39<BR>Title: Lisa’s Story: He Needs to Respect a Woman’s No<BR>Type: stalking<BR>Story: I&apos;m an American and was walking dow<BR>Location: 48.8545129<BR>Longitude: 2.3368743<BR>Marker: pink_blank"
"2.370687","48.882907","http://brussels.ihollaback.org/2014/12/12/histoire-anonyme-metro-jaures-paris-france-2/","ID: 20782<BR>Last.Updated: 12/20/2014 18:42:44<BR>Title: anonyme: “C’est ma première agression avec contact. Ma réaction n’a pas été contrôlée du tout.”<BR>Type: assault<BR>Story: &lt;p style=&quot;text-align: justify&qu<BR>Location: 48.882907<BR>Longitude: 2.370687<BR>Marker: pink_blank"
"2.3522219000000004","48.856614","http://brussels.ihollaback.org/2015/02/13/histoire-michel-paris-2/","ID: 21768<BR>Last.Updated: 3/25/2015 13:27:54<BR>Title: Michel: “J’ai fini par protester à voix haute, par lui dire à voix haute de me laisser tranquille.”<BR>Type: groping,verbal,other<BR>Story: &lt;p style=&quot;text-align: justify&qu<BR>Location: 48.856614<BR>Longitude: 2.3522219<BR>Marker: pink_blank"
"2.3522219000000004","48.856614","http://www.ihollaback.org/blog/2015/06/09/felicias-story-harassment-in-the-subway/","ID: 556d67df686f737ccd000000<BR>Last.Updated: 6/9/2015 16:23:05<BR>Title: Felicia’s Story: Harassment in the subway<BR>Type: assault,stalking<BR>Story: I was coming home from college, late at<BR>Location: 48.856614<BR>Longitude: 2.3522219<BR>Marker: pink_blank"
"2.3684298","48.8837197","http://www.ihollaback.org/blog/2015/06/19/coralies-story-that-piece-of-shit-had-no-right-to-touch-me/","ID: 55841c59686f733df3000000<BR>Last.Updated: 6/19/2015 17:42:57<BR>Title: Coralie’s Story: “that piece of shit had no right to touch me”<BR>Type: groping<BR>Story: On my way home from getting groceries af<BR>Location: 48.8837197<BR>Longitude: 2.3684298<BR>Marker: pink_blank"
